https://w3id.org/okn/o/sdm#ModelConfiguration,http://www.w3.org/1999/02/22-rdf-syntax-ns#type,http://www.w3.org/2000/01/rdf-schema#label,https://w3id.org/okn/o/sd#description,https://w3id.org/okn/o/sd#author,https://w3id.org/okn/o/sd#hasComponentLocation,https://w3id.org/okn/o/sd#hasImplementationScriptLocation,https://w3id.org/okn/o/sd#hasInput,https://w3id.org/okn/o/sd#hasOutput,https://w3id.org/okn/o/sd#hasSoftwareImage,https://w3id.org/okn/o/sd#hasSourceCode,https://w3id.org/okn/o/sd#hasUsageNotes,https://w3id.org/okn/o/sd#keywords,https://w3id.org/okn/o/sd#usefulForCalculatingIndex,https://w3id.org/okn/o/sdm#hasCausalDiagram,https://w3id.org/okn/o/sdm#hasGrid,https://w3id.org/okn/o/sdm#hasModelCategory,https://w3id.org/okn/o/sdm#hasOutputTimeInterval,https://w3id.org/okn/o/sdm#hasProcess,https://w3id.org/okn/o/sd#hasSetup,https://w3id.org/okn/o/sd#hasParameter,https://w3id.org/okn/o/sdm#hasRegion,https://w3id.org/okn/o/sd#contributor,https://w3id.org/okn/o/sd#hasAssumption,https://w3id.org/okn/o/sd#hasSampleVisualization,https://w3id.org/okn/o/sd#tag,https://w3id.org/okn/o/sd#hasConstraint,https://w3id.org/okn/o/sd#hasSupportScriptLocation,https://w3id.org/okn/o/sd#hadPrimarySource
51018fe2-5663-4db7-90c3-a33d09dc12a5,,swat_forecast,,,https://raw.githubusercontent.com/sirspock/swat_forecast/master/mint_component.zip,,24ba9498-94ae-4bc2-884e-2ce2178102a9;814c5687-9463-43fa-b455-9b2822c8afff,064c400e-22b6-4afe-8ab2-7894b3208cde;2526093d-1ffe-4fc8-b5d1-e62b08a77227;409cfb20-b45f-4d06-a78e-b75c5a3f4c87;42753b1d-559a-42f0-8068-6b87aa5abd1e;5052b782-406a-4764-a30c-0d55dea68b5c;7426678f-6d90-4381-a1a2-21b7b9c9736f;9bf114a5-b543-46c2-8c0a-1ce00de4a3c6;c32923dc-0afb-4799-b75d-39dd0f7d0912;caf71418-82ac-45c0-bfd3-7c7e1a29a9f0;d26a01ed-0331-42d7-8db0-8142c979d941;da96f141-54b1-4fa3-b3df-55257749cefb;dcd1692e-43f5-46de-b35a-fc96139c312c;e27db622-9f4c-474c-99d7-b2390f8f31f6;ed7a5cd8-4951-460a-8ab9-8e2d9851dae9,mosorio/swat_forecast:20.7.1,,,,,,,,,,,1e0b2986-1c19-4af6-806c-e351710ccb6e;29885367-d7a0-484a-a009-1ffc0d690e64;4878826a-30e7-4d05-a3f1-7fdef76b41e2;6a240921-e7d1-47b8-b825-d820a72e485b;994c574f-347a-4045-b3c8-64f4de5f4a31;e181c22d-098c-445b-8d89-ed0072d5d727;ef2b1d9b-6637-4005-87b5-6c16f9165dac,,,,,,,,
DSSAT_cfg_simple,https://w3id.org/okn/o/sdm#Theory-GuidedModel;https://w3id.org/okn/o/sd#SoftwareConfiguration,DSSAT simple configuration,DSSAT simple working configuration that accepts changes in weather; soil moisture and maize,,https://github.com/KnowledgeCaptureAndDiscovery/MINT-WorkflowDomain/raw/master/WINGSWorkflowComponents/DSSAT_config_simple/DSSAT_config_simple.zip,https://raw.githubusercontent.com/KnowledgeCaptureAndDiscovery/MINT-WorkflowDomain/master/WINGSWorkflowComponents/DSSAT_config_simple/run,DSSAT_simulationFile;DSSAT_sol;DSSAT_weatherFile,DSSAT_summary,mintproject/dssat:latest,,,,,DSSAT_cfg_simple_CAG,,Agriculture,,,,,,,,,,,,
clim_comp_P,https://w3id.org/okn/o/sdm#EmpiricalModel;https://w3id.org/okn/o/sd#SoftwareConfiguration,ClimComp configuration for precipitation,This configuration accepts the precipitation input from FLDAS dataset,,https://github.com/KnowledgeCaptureAndDiscovery/MINT-WorkflowDomain/raw/master/WINGSWorkflowComponents/clim_comp/clim_comp.zip,https://raw.githubusercontent.com/KnowledgeCaptureAndDiscovery/MINT-WorkflowDomain/master/WINGSWorkflowComponents/clim_comp/run,climcomp_FLDAS_P,climcomp_P_summary;climcomp_P_climatology,mintproject/base-ubuntu18:latest,,,,evapotranspiration_drought_intensity_index;standardized_precipitation_wetness_index,,,Weather,climcomp_0.0.2_P_cfg_TI,,,climcomp_datasource;climcomp_flagP;climcomp_max_lat;climcomp_max_lon;climcomp_max_month;climcomp_min_lat;climcomp_min_month;climcomp_year;climcomp_min_lon,,,,,,,,
clim_comp_T,https://w3id.org/okn/o/sdm#EmpiricalModel;https://w3id.org/okn/o/sd#SoftwareConfiguration,ClimComp configuration for temperature,This configuration accepts the temperature input from FLDAS data,,https://github.com/KnowledgeCaptureAndDiscovery/MINT-WorkflowDomain/raw/master/WINGSWorkflowComponents/clim_comp/clim_comp.zip,https://raw.githubusercontent.com/KnowledgeCaptureAndDiscovery/MINT-WorkflowDomain/master/WINGSWorkflowComponents/clim_comp/run,climcomp_FLDAS_T,climcomp_T_summary;climcomp_T_climatology,mintproject/base-ubuntu18:latest,,,,evapotranspiration_drought_intensity_index;standardized_precipitation_wetness_index,,,Weather,climcomp_0.0.2_T_cfg_TI,,,climcomp_datasource;climcomp_max_lat;climcomp_max_lon;climcomp_max_month;climcomp_min_lat;climcomp_min_month;climcomp_year;climcomp_min_lon;climcomp_flagP_T,,,,,,,,
cycles,https://w3id.org/okn/o/sdm#Theory-GuidedModel;https://w3id.org/okn/o/sd#SoftwareConfiguration,Cycles configuration (v0.9.3),Cycles (version 0.9.3) simple configuration,mayani_rajiv,https://github.com/KnowledgeCaptureAndDiscovery/MINT-WorkflowDomain/raw/master/WINGSWorkflowComponents/cycles/cycles.zip,https://raw.githubusercontent.com/KnowledgeCaptureAndDiscovery/MINT-WorkflowDomain/master/WINGSWorkflowComponents/cycles/cycles/run,cycles_reinit;cycles_config;cycles_weather;cycles_soil,cycles_water;cycles_seasonConfig;cycles_season;cycles_crop;cycles_weatherOutput;cycles_nitrogen;cycles_soilProfile;cycles_summary;cycles_somF,mintproject/cycles:0.9.3-alpha,source_cycles_config,,agriculture; cycles; crop growth; weather;soil;crop management,crop_seasonal_production_index,cycles_cfg_complex_CAG;cycles_cfg_simple_CAG,cycles_grid,Agriculture,cycles_cfg_simple_TI,cycles_biomassgrowth_process;cycles_transpiration_process;cycles_Nmineralizationandimmobalization_process;cycles_humification_process;cycles_Ntransport_process;cycles_respiration_process;cycles_Nuptake_process;cycles_solarradiation_process;cycles_precipitation_process;cycles_management_process,,cycles_planting-day-1;cycles_planting-day-1-duration;cycles_planting-day-2;cycles_planting-day-2-duration,,,,,,,https://raw.githubusercontent.com/KnowledgeCaptureAndDiscovery/MINT-WorkflowDomain/master/WINGSWorkflowComponents/cycles/cycles/SS_base.operation;https://raw.githubusercontent.com/KnowledgeCaptureAndDiscovery/MINT-WorkflowDomain/master/WINGSWorkflowComponents/cycles/cycles/SS_crops.crop;https://raw.githubusercontent.com/KnowledgeCaptureAndDiscovery/MINT-WorkflowDomain/master/WINGSWorkflowComponents/cycles/cycles/__pegasus-job.properties;https://raw.githubusercontent.com/KnowledgeCaptureAndDiscovery/MINT-WorkflowDomain/master/WINGSWorkflowComponents/cycles/cycles/io.sh;https://raw.githubusercontent.com/KnowledgeCaptureAndDiscovery/MINT-WorkflowDomain/master/WINGSWorkflowComponents/cycles/cycles/SS_base.ctrl,
cycles-0.10.2-alpha-collection,https://w3id.org/okn/o/sdm#Theory-GuidedModel;https://w3id.org/okn/o/sd#SoftwareConfiguration,Cycles configuration (v0.10.2) for grouped weather-soil files and exposing weed fraction and fertilizer rate,Cycles configuration (version 0.10.2) for grouped weather and soil files and exposing additional parameters such as weeds fraction and fertilizer rate,osorio_maximiliano,https://github.com/mintproject/MINT-WorkflowDomain/raw/master/WINGSWorkflowComponents/cycles-0.10.2-alpha-collection/cycles-0.10.2-alpha-collection.zip,https://raw.githubusercontent.com/mintproject/MINT-WorkflowDomain/master/WINGSWorkflowComponents/cycles-0.10.2-alpha-collection/src/run,cycles-0.10.2-alpha-collection_crops;cycles-0.10.2-alpha-collection_weather_soil,cycles-0.10.2-alpha-collection_somF;cycles-0.10.2-alpha-collection_crop;cycles-0.10.2-alpha-collection_weatherOutput;cycles-0.10.2-alpha-collection_nitrogen;cycles-0.10.2-alpha-collection_soilProfile;cycles-0.10.2-alpha-collection_season;cycles-0.10.2-alpha-collection_water;cycles-0.10.2-alpha-collection_outputs;cycles-0.10.2-alpha-collection_summary,mintproject/cycles:0.10.2-alpha,source_cycles-0.10.2-alpha-collection,,agriculture; cycles; crop growth; weather;soil;crop management,crop_seasonal_production_index,cycles_cfg_complex_CAG;cycles_cfg_simple_CAG,cycles_grid,Agriculture,cycles_cfg_simple_TI,cycles_biomassgrowth_process;cycles_transpiration_process;cycles_Nmineralizationandimmobalization_process;cycles_humification_process;cycles_Ntransport_process;cycles_respiration_process;cycles_Nuptake_process;cycles_solarradiation_process;cycles_precipitation_process;cycles_management_process,cycles-0.10.2-alpha-collection-oromia-single-point;cycles-0.10.2-alpha-collection-oromia;0ee4c9dd-68b3-4aed-8b30-9302c8a269b2,cycles-0.10.2-alpha-collection_weed_fraction;cycles-0.10.2-alpha-collection_use_forcing;cycles-0.10.2-alpha-collection_end_planting_day;cycles-0.10.2-alpha-collection_end_year;cycles-0.10.2-alpha-collection_start_year;cycles-0.10.2-alpha-collection_crop_name;cycles-0.10.2-alpha-collection_start_planting_day;cycles-0.10.2-alpha-collection_fertilizer_rate,,,,,,,,
cycles-0.9.4-alpha,https://w3id.org/okn/o/sdm#Theory-GuidedModel;https://w3id.org/okn/o/sd#SoftwareConfiguration,Cycles configuration (v0.9.4) exposing weed fraction and fertilizer rate,Cycles configuration (version 0.9.4) exposing additional parameters such as weeds fraction and fertilizer rate,silva_rafael,https://github.com/mintproject/MINT-WorkflowDomain/blob/master/WINGSWorkflowComponents/cycles-0.9.4-alpha/cycles-0.9.4-alpha.zip?raw=true,https://github.com/mintproject/MINT-WorkflowDomain/raw/master/WINGSWorkflowComponents/cycles-0.9.4-alpha/src/run,cycles-0.9.4-alpha_crops;cycles-0.9.4-alpha_soil;cycles-0.9.4-alpha_weather,cycles-0.9.4-alpha_water;cycles-0.9.4-alpha_somF;cycles-0.9.4-alpha_soilProfile;cycles-0.9.4-alpha_nitrogen;cycles-0.9.4-alpha_crop;cycles-0.9.4-alpha_outputs;cycles-0.9.4-alpha_summary;cycles-0.9.4-alpha_season;cycles-0.9.4-alpha_weatherOutput,mintproject/cycles:0.9.4-alpha,source_cycles-0.9.4-alpha,,agriculture; cycles; crop growth; weather;soil;crop management,crop_seasonal_production_index,cycles_cfg_complex_CAG;cycles_cfg_simple_CAG,cycles_grid,Agriculture,cycles_cfg_simple_TI,cycles_biomassgrowth_process;cycles_transpiration_process;cycles_Nmineralizationandimmobalization_process;cycles_humification_process;cycles_Ntransport_process;cycles_respiration_process;cycles_Nuptake_process;cycles_solarradiation_process;cycles_precipitation_process;cycles_management_process,cycles-0.9.4-alpha-advanced-ethiopia-multiple-points;cycles-0.9.4-alpha-advanced-ethiopia-weather;cycles-0.9.4-alpha-advanced-pongo;cycles-0.9.4-alpha-advanced-pongo-weather;cycles-0.9.4-alpha-simple-pongo;cycles-0.9.4-alpha-advanced-texas;cycles-0.9.4-alpha-advanced-pongo-multple-points;cycles-0.9.4-alpha-simple-texas;cycles-0.9.4-alpha-advanced-texas-weather;cycles-0.9.4-alpha-advanced-ethiopia,cycles-0.9.4-alpha_start_year;cycles-0.9.4-alpha_weed_fraction;cycles-0.9.4-alpha_end_year;cycles-0.9.4-alpha_use_forcing;cycles-0.9.4-alpha_start_planting_day;cycles-0.9.4-alpha_end_planting_day;cycles-0.9.4-alpha_crop_name;cycles-0.9.4-alpha_fertilizer_rate,,,,,,,,
cycles_multiple_points,https://w3id.org/okn/o/sdm#Theory-GuidedModel;https://w3id.org/okn/o/sd#SoftwareConfiguration,Cycles configuration (v0.9.3) using multiple points,Cycles (version 0.9.3) configuration to run the model with multiple points,mayani_rajiv,https://github.com/KnowledgeCaptureAndDiscovery/MINT-WorkflowDomain/raw/master/WINGSWorkflowComponents/cycles_multiple_points/cycles_multiple_points.zip,https://raw.githubusercontent.com/KnowledgeCaptureAndDiscovery/MINT-WorkflowDomain/master/WINGSWorkflowComponents/cycles_multiple_points/run,cycles_mp_reinit;cycles_mp_cropname;cycles_mp_weather;cycles_mp_percent_increase_fertilizer;cycles_mp_soil,cycles_mp_soilProfile;cycles_mp_crop;cycles_mp_nitrogen;cycles_mp_seasonConfig;cycles_mp_weatherOutput;cycles_mp_season;cycles_mp_somF;cycles_mp_summary;cycles_mp_water,mintproject/cycles:0.9.3-alpha,source_cycles_config_mp,,agriculture; cycles; crop growth; weather;soil;crop management,crop_seasonal_production_index,cycles_cfg_complex_CAG;cycles_cfg_simple_CAG,cycles_grid,Agriculture,cycles_cfg_simple_TI,cycles_biomassgrowth_process;cycles_transpiration_process;cycles_Nmineralizationandimmobalization_process;cycles_humification_process;cycles_Ntransport_process;cycles_respiration_process;cycles_Nuptake_process;cycles_solarradiation_process;cycles_precipitation_process;cycles_management_process,,cycles_mp_planting-day-2;cycles_mp_planting-day-1-duration;cycles_mp_planting-day-1;cycles_mp_planting-day-2-duration,,,,,,,,
db5c4112-4d56-4e16-a0a7-5d7a22e72987,,swat_forecast,,,https://raw.githubusercontent.com/sirspock/swat_forecast/master/mint_component.zip,,a26623ff-f909-40d8-b46a-2be4c0987970;fa637f5b-2420-4e20-bb16-88274ef2ef0e,06673d30-c98b-46d5-9c33-1c6d345ebb97;0f47140e-13db-4f91-b0e8-7ca6f7b4b1a7;460782ff-3a1b-4eed-80a5-c16916390175;519e6795-310e-46e6-a568-a4ef00cdef90;55f521b4-7d74-44f3-9cd6-d99ace3e7b05;6a4b25e4-b772-41b1-8017-0150779e1d08;76beb54e-f086-4fb8-bba7-695512cb5b36;966abb86-b36b-4d33-8ae5-7462927ce919;c7f41482-7c96-410f-8358-46a51e5efce6;d3b297a6-2d32-451d-a159-ea35c63f3fa7;da09922c-d736-49e4-ad03-0573fa35b913;da28859d-eeca-4ff3-b7d4-2a1f38d211ec;dc9b1eb1-50f4-4456-a994-e71e90b71b90;fb183e54-bf62-4036-ada3-f1278fdd4453,mosorio/swat_forecast:20.7.1,,,,,,,,,,,14ee75b9-c6b4-45cb-ae41-713c067e7158;18d95290-4503-441d-84de-4a21213105f6;5af9bfd9-c6ef-49c5-95af-7ed9a731a903;8c56bbd9-4539-4364-8ca8-a2aa1c56cae2;a0fae5d3-a3cb-4469-99c5-924a1fb7bd26;b066166e-cb1b-4c58-9051-767928b41cba;e80ac52e-1f7d-420f-a827-c0e08f2e4025,,,,,,,,
dsi_1.0_cfg,https://w3id.org/okn/o/sdm#EmpiricalModel;https://w3id.org/okn/o/sd#SoftwareConfiguration,Drought indices model configuration,Simple configuration for the python routing to calculate a flood severity index,khider_deborah;garijo_daniel,https://github.com/mintproject/MINT-WorkflowDomain/raw/master/WINGSWorkflowComponents/dsi-1.0.0/dsi-1.0.0.zip,https://github.com/mintproject/MINT-WorkflowDomain/raw/master/WINGSWorkflowComponents/dsi-1.0.0/src/run,dsi_1.0_cfg_dataset,dsi_1.0_cfg_out;dsi_1.0_cfg_movie,mintproject/droughtindices:latest,source_dsi_comp,,climate; drought; index,potential_evapotranspiration;standardized_precipitation_index;standardized_precipitation_evapotranspiration_index,,,Hydrology,,,dsi_1.0_cfg_spi_ethiopia,dsi_1.0_cfg_data_end_year;dsi_1.0_cfg_periodicity;dsi_1.0_cfg_index;dsi_1.0_cfg_data_type;dsi_1.0_cfg_generate_visualization;dsi_1.0_cfg_distribution;dsi_1.0_cfg_max_lat;dsi_1.0_cfg_max_long;dsi_1.0_cfg_scales;dsi_1.0_cfg_min_long;dsi_1.0_cfg_calibration_end_year;dsi_1.0_cfg_data_start_year;dsi_1.0_cfg_calibration_start_year;dsi_1.0_cfg_min_lat,,,,,,,,
ebdc9a05-b852-41a5-b87b-c7c76e47bbf0,,swat_forecast,,,https://raw.githubusercontent.com/sirspock/swat_forecast/master/mint_component.zip,,7f5b5d76-967c-48c7-ac68-5368390af0a2;f6db6167-ad68-4702-af97-79ba18920b07,1259b441-7afd-4bdc-8534-e7387dbeed96;24a2b3f2-4cca-4875-89a7-fee8f5c0d301;3855042d-00c7-4b70-9b15-05221833be58;463e9b87-deae-4461-9cc2-171a946f027f;5e76bba3-2662-4a59-8918-49c129d097b2;63abfeb2-7204-4323-90d4-40a4774d20ed;646def5f-240e-4388-aded-8c52ed493ef2;656b978c-dc59-4da3-9a17-a728896bd442;73dfdbd4-5a26-47c3-b264-b46ffc2050f6;cc15fdf5-d74e-452b-9973-268f7f700994;cca5a745-774e-48b9-acfa-679ae5f34ac8;cf1ebe94-0dab-42f4-80c1-5953aa3c4a0f;f95c8221-8de9-4aa0-9873-bbb6a4ebd85a;fd5f3e60-eb8f-4c99-911a-8bb61e8cf9fa,mosorio/swat_forecast:20.7.1,,,,,,,,,,,1d12a2bb-694a-4846-80fb-c5ecee20b052;1dc097bf-34eb-4d7e-9ee6-ea0bdd4f82fd;4ad267b8-2535-4a01-b22f-affd934a3ba7;961c97cc-5238-4cba-bd95-dbbe970fa3be;9fff29a8-e378-4273-b540-9bbc64e4852e;b295398e-1434-4789-9454-93cddb085a1a;c45f314f-3290-4546-b0a7-c886ee2de337,,,,,,,,
economic-v2,https://w3id.org/okn/o/sdm#Theory-GuidedModel;https://w3id.org/okn/o/sd#SoftwareConfiguration,Basic configuration of the economic aggregate crop supply model (EACS) v2,Aggregate crop supply response model for the country of South Sudan (version 2),mayani_rajiv,https://github.com/mintproject/MINT-WorkflowDomain/raw/master/WINGSWorkflowComponents/economic-v2/economic-v2.zip,https://github.com/mintproject/MINT-WorkflowDomain/raw/master/WINGSWorkflowComponents/economic-v2/run,econ_v2_yield;econ_v2_subsidies;econ_v2_data;econ_v2_calib;econ_v2_sim,econ_v2_land_use,mintproject/economic:v2,source_econ_config_v2,,economy; land use; crop production; fertilizer costs,,economic_aggregate_crop_supply_CAG_variables;economic_aggregate_crop_supply_CAG_process,econ_grid,Economy,economic_aggregate_crop_supply_TI,crop_supply_process;fertilizer_use_process;land_use_process;fertilizer_prices_process;crop_prices_process;crop_yield_elasticity_process,,,Pongo_Basin_SS,khider_deborah;zhang_zeya,,,deprecated,,,
economic-v6,https://w3id.org/okn/o/sdm#Theory-GuidedModel;https://w3id.org/okn/o/sd#SoftwareConfiguration,EACS basic configuration (v6),Aggregate crop supply response model for the country of South Sudan (version 6),mayani_rajiv,https://github.com/mintproject/MINT-WorkflowDomain/raw/master/WINGSWorkflowComponents/economic-v6/economic-v6.zip,https://github.com/mintproject/MINT-WorkflowDomain/raw/master/WINGSWorkflowComponents/economic-v6/src/run,econ_v6_land;econ_v6_price;econ_v6_cycles_data;econ_v6_production_cost,econ_v6_land_use;econ_v6_calib_land_use,mintproject/economic:v5,source_econ_config_v6,,economy; land use; crop production; fertilizer costs,,economic_aggregate_crop_supply_CAG_variables;economic_aggregate_crop_supply_CAG_process,econ_grid,Economy,economic_aggregate_crop_supply_TI,constr_max_net_revenue_process,economic-v6_simple_pongo;economic-v6_advanced_pongo,econ_v6_cassava_crop_price_adjustment;econ_v6_sorghum_land_cost_adjustment;econ_v6_sorghum_crop_price_adjustment;econ_v6_sorghum_fertilizer_cost_adjustment;econ_v6_maize_land_cost_adjustment;econ_v6_cassava_fertilizer_cost_adjustment;econ_v6_groundnuts_fertilizer_cost_adjustment;econ_v6_maize_fertilizer_cost_adjustment;econ_v6_sesame_fertilizer_cost_adjustment;econ_v6_groundnuts_crop_price_adjustment;econ_v6_groundnuts_land_cost_adjustment;econ_v6_sesame_crop_price_adjustment;econ_v6_cassava_land_cost_adjustment;econ_v6_maize_crop_price_adjustment;econ_v6_sesame_land_cost_adjustment,Pongo_Basin_SS,khider_deborah;zhang_zeya,The model assumes that only one parameter will be adjusted at the same time,https://viz.mint.isi.edu/bokeh/econ_viz_live,,,,
economic-v6.1,https://w3id.org/okn/o/sdm#Theory-GuidedModel;https://w3id.org/okn/o/sd#SoftwareConfiguration,EACS basic configuration (v6.1) for South Sudan,Aggregate crop supply response model for the country of South Sudan (version 6.1),mayani_rajiv,https://github.com/mintproject/MINT-WorkflowDomain/raw/master/WINGSWorkflowComponents/economic-v6.1/economic-v6.1.zip,https://github.com/mintproject/MINT-WorkflowDomain/raw/master/WINGSWorkflowComponents/economic-v6.1/src/run,econ_v6.1_price;econ_v6.1_land;econ_v6.1_cycles_data;econ_v6.1_production_cost,econ_v6.1_calib_land_use;econ_v6.1_land_use,mintproject/economic:v5,source_econ_config_v6.1,,economy; land use; crop production; fertilizer costs,,economic_aggregate_crop_supply_CAG_variables;economic_aggregate_crop_supply_CAG_process,econ_grid,Economy,economic_aggregate_crop_supply_TI,constr_max_net_revenue_process,economic-v6.1_simple_pongo;economic-v6.1_advanced_pongo,econ_v6.1_cassava_land_cost_adjustment;econ_v6.1_cassava_crop_price_adjustment;econ_v6.1_sorghum_land_cost_adjustment;econ_v6.1_sorghum_crop_price_adjustment;econ_v6.1_maize_fertilizer_cost_adjustment;econ_v6.1_sesame_fertilizer_cost_adjustment;econ_v6.1_groundnuts_crop_price_adjustment;econ_v6.1_groundnuts_fertilizer_cost_adjustment;econ_v6.1_maize_land_cost_adjustment;econ_v6.1_sorghum_fertilizer_cost_adjustment;econ_v6.1_cassava_fertilizer_cost_adjustment;econ_v6.1_groundnuts_land_cost_adjustment;econ_v6.1_sesame_crop_price_adjustment;econ_v6.1_sesame_land_cost_adjustment;econ_v6.1_maize_crop_price_adjustment,Pongo_Basin_SS,khider_deborah;zhang_zeya,The model assumes that only one parameter will be adjusted at the same time,https://viz.mint.isi.edu/bokeh/econ_viz_live,,,,
economic-v6.1_single_crop,https://w3id.org/okn/o/sdm#Theory-GuidedModel;https://w3id.org/okn/o/sd#SoftwareConfiguration,EACS configuration (v6.1) for a single crop (maize) in South Sudan,Aggregate crop supply response model (version 6.1) for the country of South Sudan including only maize,mayani_rajiv,https://github.com/mintproject/MINT-WorkflowDomain/raw/master/WINGSWorkflowComponents/economic-v6.1_single_crop/economic-v6.1_single_crop.zip,https://github.com/mintproject/MINT-WorkflowDomain/raw/master/WINGSWorkflowComponents/economic-v6.1_single_crop/src/run,econ_v6.1_single_crop_cycles_data;econ_v6.1_single_crop_production_cost;econ_v6.1_single_crop_price;econ_v6.1_single_crop_land,econ_v6.1_single_crop_land_use;econ_v6.1_single_crop_single_crop_calib_land_use,mintproject/economic:v5,source_econ_config_v6.1_single_crop,,economy; land use; crop production; fertilizer costs,,economic_aggregate_crop_supply_CAG_variables;economic_aggregate_crop_supply_CAG_process,econ_grid,Economy,economic_aggregate_crop_supply_TI,constr_max_net_revenue_process,economic-v6.1_single_crop_pongo,econ_v6.1_single_crop_maize_land_cost_adjustment;econ_v6.1_single_crop_maize_fertilizer_cost_adjustment;econ_v6.1_single_crop_maize_crop_price_adjustment,Pongo_Basin_SS,khider_deborah;zhang_zeya,The model assumes that only one parameter will be adjusted at the same time,,,,,
economic-v7,https://w3id.org/okn/o/sdm#Theory-GuidedModel;https://w3id.org/okn/o/sd#SoftwareConfiguration,EACS configuration (v7),"Aggregate crop supply response model (version 7). Based on the Agricultural Sample Survey reports (AgSS), from 2009-2018 (http://surveys.worldbank.org/lsms/programs/integrated-surveys-agriculture-ISA/ethiopia)
The price index still comes from the World Food Programme report.",mayani_rajiv,https://github.com/mintproject/MINT-WorkflowDomain/raw/master/WINGSWorkflowComponents/economic-v7/economic-v7.zip,https://github.com/mintproject/MINT-WorkflowDomain/raw/master/WINGSWorkflowComponents/economic-v7/src/run,economic-v7_cycles-data;economic-v7_fertilizer;economic-v7_regional-data;economic-v7_fvar;economic-v7_lvar;economic-v7_eta,economic-v7_land_use;economic-v7_calib_land_use,mintproject/economic:v5,source_econ_config_v7,,economy; land use; crop production; fertilizer costs,,economic_aggregate_crop_supply_CAG_variables;economic_aggregate_crop_supply_CAG_process,econ_grid,Economy,economic_aggregate_crop_supply_TI,constr_max_net_revenue_process,economic-v7_Oromia,economic-v7_barley-fertilizer-cost-adjustment;economic-v7_sorghum-fertilizer-cost-adjustment;economic-v7_region;economic-v7_aggregate-fertilizer-supply-constraint;economic-v7_millet-crop-price-adjustment;economic-v7_wheat-fertilizer-cost-adjustment;economic-v7_maize-crop-price-adjustment;economic-v7_maize-fertilizer-cost-adjustment;economic-v7_millet-fertilizer-cost-adjustment;economic-v7_pulses-crop-price-adjustment;economic-v7_barley-crop-price-adjustment;economic-v7_sorghum-crop-price-adjustment;economic-v7_year;economic-v7_pulses-fertilizer-cost-adjustment;economic-v7_wheat-crop-price-adjustment;economic-v7_teff-fertilizer-cost-adjustment;economic-v7_teff-crop-price-adjustment,,khider_deborah;zhang_zeya,The model assumes that only one parameter will be adjusted at the same time,,,,,
economicGambella-v6.1,https://w3id.org/okn/o/sdm#Theory-GuidedModel;https://w3id.org/okn/o/sd#SoftwareConfiguration,EACS configuration (v6.1) for Gambella,"Aggregate crop supply response model. Based on the Agricultural Sample Survey reports (AgSS), two crops are harvested in this region: maize and sorghum, so this model includes only 2 crops. Land use, production and yield level data comes from Agss report 2014 (http://surveys.worldbank.org/lsms/programs/integrated-surveys-agriculture-ISA/ethiopia)

The price index still comes from the World Food Programme report, which included Gambella and its own set of prices.

The Nitrogen application rate is set to a low value because farmers in Gambella utilize very low level of fertilizer.  
All other parameters, have been approximate based the South Sudan model calibration.",mayani_rajiv,https://github.com/mintproject/MINT-WorkflowDomain/raw/master/WINGSWorkflowComponents/economicGambela-6.1.0/economicGambela-6.1.0.zip,https://github.com/mintproject/MINT-WorkflowDomain/raw/master/WINGSWorkflowComponents/economicGambela-6.1.0/src/run,economicGambella-v6.1_land;economicGambella-v6.1_production_cost;economicGambella-v6.1_price;economicGambella-v6.1_cycles_data,economicGambella-v6.1_land_use;economicGambella-v6.1_calib_land_use,mintproject/economic:v5,source_econ_config_v6.1_gambella,,economy; land use; crop production; fertilizer costs,,economic_aggregate_crop_supply_CAG_variables;economic_aggregate_crop_supply_CAG_process,econ_grid,Economy,economic_aggregate_crop_supply_TI,constr_max_net_revenue_process,economic-v6.1_Gambella_advanced_elasticities;economic-v6.1_Gambella_advanced,economicGambella-v6.1_maize_land_cost_adjustment;economicGambella-v6.1_sorghum_fertilizer_cost_adjustment;economicGambella-v6.1_maize_crop_price_adjustment;economicGambella-v6.1_sorghum_crop_price_adjustment;economicGambella-v6.1_maize_fertilizer_cost_adjustment;economicGambella-v6.1_sorghum_land_cost_adjustment,Gambella,khider_deborah;zhang_zeya,The model assumes that only one parameter will be adjusted at the same time,,,,,
fsi_1.0_simple,https://w3id.org/okn/o/sdm#EmpiricalModel;https://w3id.org/okn/o/sd#SoftwareConfiguration,Flood severity index configuration,Simple configuration for the python routing to calculate a flood severity index,khider_deborah;garijo_daniel,https://github.com/mintproject/MINT-WorkflowDomain/raw/master/WINGSWorkflowComponents/fsi-1.0.0/fsi-1.0.0.zip,https://github.com/mintproject/MINT-WorkflowDomain/raw/master/WINGSWorkflowComponents/fsi-1.0.0/src/run,fsi_1.0_simple_glofas,fsi_1.0_simple_movie;fsi_1.0_simple_out,mintproject/floodseverityindex:v1,source_fsi_comp,,hydrology; flood; index,flood_severity_index,,fsi_grid,Hydrology,,,fsi_1.0_simple_et_ss,fsi_1.0_simple_max_lat;fsi_1.0_simple_min_lat;fsi_1.0_simple_max_long;fsi_1.0_simple_simulation_year;fsi_1.0_simple_min_long,,,,,,,,
hand_v1_simple,https://w3id.org/okn/o/sdm#EmpiricalModel;https://w3id.org/okn/o/sd#SoftwareConfiguration,HAND model-simple configuration (v1),Simple configuration of the HAND model (v1) for creating flood estimates of a region. The output is an image with the distance down representing the flooding impact,garijo_daniel;hardesty_daniel,https://github.com/mintproject/MINT-WorkflowDomain/raw/master/WINGSWorkflowComponents/HAND-2.0.0/HAND-2.0.0.zip,https://github.com/mintproject/MINT-WorkflowDomain/raw/master/WINGSWorkflowComponents/HAND-2.0.0/src/run,hand_v1_simple_input_dem,hand_v1_simple_distance_down_image;hand_v1_simple_distance_down,mintproject/hand:v2.1.0,,,relative height;flow path;drainage network;gravitational potential;normalization of topography,flooding_contour,,hand_grid,Hydrology,,hand_drawdown,hand_v1_simple_travis;hand_v1_simple_baro;hand_v1_simple_bashilo;hand_v1_simple_awash;hand_v1_simple_guder;hand_v1_simple_beko-tippi;hand_v1_simple_muger;hand_v1_simple_shebelle;hand_v1_simple_ganale;hand_v1_simple_noregion;hand_v1_simple_jamma,hand_v1_simple_threshold,,,,,,,,
hand_v2,https://w3id.org/okn/o/sdm#EmpiricalModel;https://w3id.org/okn/o/sd#SoftwareConfiguration,HAND model configuration (v2),Simple configuration of the HAND model (v2) for creating flood estimates of a region. The output is an image with the distance down representing the flooding impact,garijo_daniel;osorio_maximiliano;hardesty_daniel,https://github.com/mintproject/HAND-TauDEM/raw/v2.1.0/hand_v2_mint_component.zip,https://raw.githubusercontent.com/mintproject/HAND-TauDEM/v2.1.0/hand_v2_mint_component/src/run,hand_v2_input_dem,hand_v2_shape;hand_v2_distance_down;hand_v2_geojson,mintproject/hand:v2.1.0,,,relative height;flow path;drainage network;gravitational potential;normalization of topography,flooding_contour,,hand_grid,Hydrology,,hand_drawdown,hand_v2_noregion;hand_v2_muger;hand_v2_awash;hand_v2_shebelle;hand_v2_guder;hand_v2_ganale;hand_v2_beko-tippi;hand_v2_baro;hand_v2_jamma;hand_v2_bashilo;hand_v2_travis;6c075d93-352a-4381-865a-151a0e96c4ab,hand_v2_threshold,,,,,,,,
hand_v2_raster,https://w3id.org/okn/o/sdm#EmpiricalModel;https://w3id.org/okn/o/sd#SoftwareConfiguration,HAND model configuration (v2) generating raster data,"Simple configuration of the HAND model (v2) for creating flood estimates of a region. The output is a raw image with the distance down representing the flooding impact (in geoJSON, shapefile and tif) and a raster simplifying the raw data",garijo_daniel;hardesty_daniel,https://github.com/mintproject/HAND-TauDEM/raw/v2.1.4/hand_v2_mint_component.zip,https://github.com/mintproject/HAND-TauDEM/raw/v2.1.4/hand_v2_mint_component/src/run,hand_v2_raster_input_dem,hand_v2_raster_geojson;hand_v2_raster_shape;hand_v2_raster_distance_down_raster;hand_v2_raster_distance_down,mintproject/hand:v2.1.0,,,relative height;flow path;drainage network;gravitational potential;normalization of topography,,,hand_grid,Hydrology,,hand_drawdown,ec3f1f59-216a-4ac3-9bc6-23dff0cdb434;677c434e-99e2-4113-a5c4-4160f10bbb9a;b8b58d5a-3901-4154-a1fe-6bf3e4c2be21;5e33859e-71ce-46e6-986d-93aa4a0befcb;a044daca-eb62-4ef9-b806-508e0cee27fa,hand_v2_raster_threshold,,,,,,,,
modflow_2005_cfg,https://w3id.org/okn/o/sdm#Theory-GuidedModel;https://w3id.org/okn/o/sd#SoftwareConfiguration,MODFLOW 2005 configuration,MODFLOW 2005 configuration using variable recharge files,,https://github.com/mintproject/MINT-WorkflowDomain/raw/master/WINGSWorkflowComponents/MODFLOW2005/MODFLOW2005.zip,https://github.com/mintproject/MINT-WorkflowDomain/raw/master/WINGSWorkflowComponents/MODFLOW2005/src/run,modflow_2005_Drn;modflow_2005_Well;modflow_2005_Dis;modflow_2005_Rech;modflow_2005_Sip;modflow_2005_Bas;modflow_2005_Hfb;modflow_2005_Oc;modflow_2005_Bcf,modflow_2005_ddown;modflow_2005_heads;modflow_2005_cbb;modflow_2005_list,mintproject/modflow2005:latest,,,groundwater modeling; steady and nonsteady flow; areal recharge; evapotranspiration; flow to drains; flow through river beds,water_table_level_height;total_water_storage,,modflow_grid_general,Hydrology,modflow_general_TI,modflow_gwf,modflow_2005_BartonSprings_advanced;modflow_2005_BartonSprings_drought;modflow_2005_BartonSprings_avg,,,,,,,,,
pihm-v2,https://w3id.org/okn/o/sdm#Theory-GuidedModel;https://w3id.org/okn/o/sd#SoftwareConfiguration,PIHM configuration,PIHM configuration for the region of South Sudan,mayani_rajiv,https://github.com/KnowledgeCaptureAndDiscovery/MINT-WorkflowDomain/raw/master/WINGSWorkflowComponents/pihm/pihm.zip,https://github.com/mintproject/MINT-WorkflowDomain/raw/master/WINGSWorkflowComponents/pihm-v2/run,pihm_ibc;pihm_base;pihm_modelinfo;pihm_riv;pihm_geol;pihm_soil;pihm_lc;pihm_forc;pihm_att,pihm_infiltration;pihm_et0;pihm_rivFlx6;pihm_unsat;pihm_rivFlx1;pihm_rivFlx10;pihm_rivFlx9;pihm_rivFlx4;pihm_snow;pihm_stage;pihm_surf;pihm_et1;pihm_rivFlx7;pihm_rivFlx2;pihm_rech;pihm_rbed;pihm_rivFlx5;pihm_rivFlx0;pihm_et2;pihm_rivFlx8;pihm_is;pihm_rivFlx3;pihm_groundwater,mintproject/pihm:v2,source_pihm_config_v2,,channel routing; surface overland flow; subsurface flow; interception; snow melt; evapotranspiration; semi-discrete approach,stream_duration_index,pihm_cfg_simple_CAG,pihm_grid_general,Hydrology,pihm_cfg_TI_general,pihm_infiltration_process;pihm_evaporation_process;pihm_runoff_process;pihm_precipitation_process;pihm_transpiration_process;pihm_solarradiation_process,,pihm_region-name;pihm_start-date;pihm_end-date,,,,,,[ backwardPIHMInputsDataHaveSameRegion:  (?c rdf:type acdom:pihmClass)  (?c ac:hasInput ?in1)  (?c ac:hasInput ?in2)  noValue(?in1 dcdom:region)  noValue(?in2 dcdom:region)  uriConcat(?c '_region' ?location)  -> (?in1 dcdom:region ?location)  (?in2 dcdom:region ?location)  print('Setting domain of ?in1 and ?in2 to ?location because both inputs to PIHM should be from the same region')],,
pihm-v4,https://w3id.org/okn/o/sdm#Theory-GuidedModel;https://w3id.org/okn/o/sd#SoftwareConfiguration,PIHM++ configuration for version v4 with aggregated outputs,PIHM++ configuration for version v4 aggregating all outputs in a single zip file,mayani_rajiv,,,pihm_v4_weather;pihm_v4_landuse;pihm_v4_soil;pihm_v4_waterbed-delineation-prj;pihm_v4_stream-delineation-prj;pihm_v4_elevation;pihm_v4_waterbed-delineation-shp;pihm_v4_waterbed-delineation-dbf;pihm_v4_waterbed-delineation-shx;pihm_v4_stream-delineation-dbf;pihm_v4_stream-delineation-shx;pihm_v4_stream-delineation-shp,pihm_v4_targz,mintproject/pihm:v4,source_pihm_config_v4,,channel routing; surface overland flow; subsurface flow; interception; snow melt; evapotranspiration; semi-discrete approach,stream_duration_index,,pihm_grid_general,Hydrology,pihm_cfg_TI_general,pihm_infiltration_process;pihm_evaporation_process;pihm_runoff_process;pihm_precipitation_process;pihm_transpiration_process;pihm_solarradiation_process,pihm-v4-southSudan-weather;pihm-v4-southSudan,pihm_adjustment_precip;pihm_adjustment_temp;pihm_region-name;pihm_start-date;pihm_end-date,,,,,deprecated,,,https://github.com/shulele/PIHM_Tech/blob/master/PIHM_Tech.pdf
pihm-v4.1.0,https://w3id.org/okn/o/sdm#Theory-GuidedModel;https://w3id.org/okn/o/sd#SoftwareConfiguration,PIHM++ configuration for version v4 with aggregated inputs and outputs and exposing all calibration parameters,PIHM++ configuration for version v4 aggregating all inputs and outputs in a single zip file. Different parameters are exposed to calibrate and setup the model,mayani_rajiv,https://github.com/mintproject/MINT-WorkflowDomain/raw/master/WINGSWorkflowComponents/pihm-4.1.0/pihm-4.1.0.zip,https://github.com/mintproject/MINT-WorkflowDomain/raw/master/WINGSWorkflowComponents/pihm-4.1.0/src/run,pihm-v4.1.0_pihm-input,pihm-v4.1.0_pihm-output,mintproject/pihm:v4,source_pihm_config_v4.1.0,"There are 2 kinds of expert perturbation for parameters. The first is multiplicative to the parameter field as a fraction, for variables like precipitation (e.g., .9 <1< 1.1).  The second is additive to the field -2<0<+2. The additive case is for variables like temperature (e.g., 2 degrees greater or 2 degrees less).",channel routing; surface overland flow; subsurface flow; interception; snow melt; evapotranspiration; semi-discrete approach,stream_duration_index,,pihm_grid_general,Hydrology,pihm_cfg_TI_general,pihm_infiltration_process;pihm_evaporation_process;pihm_runoff_process;pihm_precipitation_process;pihm_transpiration_process;pihm_solarradiation_process,pihm-v4.1.0-muger-full;pihm-v4.1.0-guder;pihm-v4.1.0-southSudan;pihm-v4.1.0-guder-full;pihm-v4.1.0-jamma;pihm-v4.1.0-baro-full;pihm-v4.1.0-baro;pihm-v4.1.0-jamma-full;pihm-v4.1.0-bashilo;pihm-v4.1.0-bashilo-full;pihm-v4.1.0-beko-tippi;pihm-v4.1.0-tekeze-full;pihm-v4.1.0-ganale-full;pihm-v4.1.0-muger;pihm-v4.1.0-beko-tippi-full,pihm-v4.1.0_region-name;pihm-v4.1.0_LC_ISMAX;pihm-v4.1.0_GEOL_DMAC;pihm-v4.1.0_AQ_DEPTH;pihm-v4.1.0_GEOL_KSATH;pihm-v4.1.0_RIV_WDTH;pihm-v4.1.0_ET_ETP;pihm-v4.1.0_RIV_BSLOPE;pihm-v4.1.0_ET_TR;pihm-v4.1.0_GEOL_MACVF;pihm-v4.1.0_GEOL_THETAS;pihm-v4.1.0_LC_IMPAF;pihm-v4.1.0_RIV_DPTH;pihm-v4.1.0_SOIL_DINF;pihm-v4.1.0_TS_SFCTMP;pihm-v4.1.0_IC_GW;pihm-v4.1.0_RIV_KH;pihm-v4.1.0_SOIL_ALPHA;pihm-v4.1.0_ET_SOIL;pihm-v4.1.0_start-date;pihm-v4.1.0_LC_VEGFRAC;pihm-v4.1.0_SOIL_KINF;pihm-v4.1.0_LC_DROOT;pihm-v4.1.0_RIV_BEDTHICK;pihm-v4.1.0_GEOL_KSATV;pihm-v4.1.0_IC_RIV;pihm-v4.1.0_end-date;pihm-v4.1.0_SOIL_KMACSATV;pihm-v4.1.0_SOIL_MACHF;pihm-v4.1.0_SOIL_BETA;pihm-v4.1.0_LC_SOILDGD;pihm-v4.1.0_LC_ROUGH;pihm-v4.1.0_TS_LAI;pihm-v4.1.0_RIV_ROUGH;pihm-v4.1.0_GEOL_KMACSATH;pihm-v4.1.0_LC_ALBEDO;pihm-v4.1.0_TS_PRCP;pihm-v4.1.0_RIV_SINU;pihm-v4.1.0_ET_IC;pihm-v4.1.0_GEOL_THETAR;pihm-v4.1.0_RIV_CWR,,,,,,"[regionPrefix: (?c rdf:type acdom:PIHMClass) (?c ac:hasInput ?start) (?start
    ac:hasArgumentID ''start-date'') (?start ac:hasValue ?startv) (?c ac:hasInput
    ?end) (?end ac:hasArgumentID ''end-date'') (?end ac:hasValue ?endv) (?c ac:hasInput
    ?region) (?region ac:hasArgumentID ''region-name'') (?region ac:hasValue ?regionv)
    (?c ac:hasInput ?GEOL_KSATH) (?GEOL_KSATH ac:hasArgumentID ''GEOL_KSATH'') (?GEOL_KSATH
    ac:hasValue ?GEOL_KSATHv) (?c ac:hasInput ?GEOL_KSATV) (?GEOL_KSATV ac:hasArgumentID
    ''GEOL_KSATV'') (?GEOL_KSATV ac:hasValue ?GEOL_KSATVv) (?c ac:hasInput ?GEOL_KMACSATH)
    (?GEOL_KMACSATH ac:hasArgumentID ''GEOL_KMACSATH'') (?GEOL_KMACSATH ac:hasValue
    ?GEOL_KMACSATHv) (?c ac:hasInput ?GEOL_MACVF) (?GEOL_MACVF ac:hasArgumentID ''GEOL_MACVF'')
    (?GEOL_MACVF ac:hasValue ?GEOL_MACVFv) (?c ac:hasInput ?GEOL_THETAS) (?GEOL_THETAS
    ac:hasArgumentID ''GEOL_THETAS'') (?GEOL_THETAS ac:hasValue ?GEOL_THETASv) (?c
    ac:hasInput ?GEOL_THETAR) (?GEOL_THETAR ac:hasArgumentID ''GEOL_THETAR'') (?GEOL_THETAR
    ac:hasValue ?GEOL_THETARv) (?c ac:hasInput ?GEOL_DMAC) (?GEOL_DMAC ac:hasArgumentID
    ''GEOL_DMAC'') (?GEOL_DMAC ac:hasValue ?GEOL_DMACv) (?c ac:hasInput ?SOIL_KINF)
    (?SOIL_KINF ac:hasArgumentID ''SOIL_KINF'') (?SOIL_KINF ac:hasValue ?SOIL_KINFv)
    (?c ac:hasInput ?SOIL_KMACSATV) (?SOIL_KMACSATV ac:hasArgumentID ''SOIL_KMACSATV'')
    (?SOIL_KMACSATV ac:hasValue ?SOIL_KMACSATVv) (?c ac:hasInput ?SOIL_DINF) (?SOIL_DINF
    ac:hasArgumentID ''SOIL_DINF'') (?SOIL_DINF ac:hasValue ?SOIL_DINFv) (?c ac:hasInput
    ?SOIL_ALPHA) (?SOIL_ALPHA ac:hasArgumentID ''SOIL_ALPHA'') (?SOIL_ALPHA ac:hasValue
    ?SOIL_ALPHAv) (?c ac:hasInput ?SOIL_BETA) (?SOIL_BETA ac:hasArgumentID ''SOIL_BETA'')
    (?SOIL_BETA ac:hasValue ?SOIL_BETAv) (?c ac:hasInput ?SOIL_MACHF) (?SOIL_MACHF
    ac:hasArgumentID ''SOIL_MACHF'') (?SOIL_MACHF ac:hasValue ?SOIL_MACHFv) (?c ac:hasInput
    ?LC_VEGFRAC) (?LC_VEGFRAC ac:hasArgumentID ''LC_VEGFRAC'') (?LC_VEGFRAC ac:hasValue
    ?LC_VEGFRACv) (?c ac:hasInput ?LC_ALBEDO) (?LC_ALBEDO ac:hasArgumentID ''LC_ALBEDO'')
    (?LC_ALBEDO ac:hasValue ?LC_ALBEDOv) (?c ac:hasInput ?LC_ROUGH) (?LC_ROUGH ac:hasArgumentID
    ''LC_ROUGH'') (?LC_ROUGH ac:hasValue ?LC_ROUGHv) (?c ac:hasInput ?LC_DROOT) (?LC_DROOT
    ac:hasArgumentID ''LC_DROOT'') (?LC_DROOT ac:hasValue ?LC_DROOTv) (?c ac:hasInput
    ?LC_ISMAX) (?LC_ISMAX ac:hasArgumentID ''LC_ISMAX'') (?LC_ISMAX ac:hasValue ?LC_ISMAXv)
    (?c ac:hasInput ?LC_IMPAF) (?LC_IMPAF ac:hasArgumentID ''LC_IMPAF'') (?LC_IMPAF
    ac:hasValue ?LC_IMPAFv) (?c ac:hasInput ?LC_SOILDGD) (?LC_SOILDGD ac:hasArgumentID
    ''LC_SOILDGD'') (?LC_SOILDGD ac:hasValue ?LC_SOILDGDv) (?c ac:hasInput ?TS_PRCP)
    (?TS_PRCP ac:hasArgumentID ''TS_PRCP'') (?TS_PRCP ac:hasValue ?TS_PRCPv) (?c ac:hasInput
    ?TS_LAI) (?TS_LAI ac:hasArgumentID ''TS_LAI'') (?TS_LAI ac:hasValue ?TS_LAIv)
    (?c ac:hasInput ?TS_SFCTMP) (?TS_SFCTMP ac:hasArgumentID ''TS_SFCTMP'') (?TS_SFCTMP
    ac:hasValue ?TS_SFCTMPv) (?c ac:hasInput ?ET_ETP) (?ET_ETP ac:hasArgumentID ''ET_ETP'')
    (?ET_ETP ac:hasValue ?ET_ETPv) (?c ac:hasInput ?ET_IC) (?ET_IC ac:hasArgumentID
    ''ET_IC'') (?ET_IC ac:hasValue ?ET_ICv) (?c ac:hasInput ?ET_TR) (?ET_TR ac:hasArgumentID
    ''ET_TR'') (?ET_TR ac:hasValue ?ET_TRv) (?c ac:hasInput ?ET_SOIL) (?ET_SOIL ac:hasArgumentID
    ''ET_SOIL'') (?ET_SOIL ac:hasValue ?ET_SOILv) (?c ac:hasInput ?RIV_ROUGH) (?RIV_ROUGH
    ac:hasArgumentID ''RIV_ROUGH'') (?RIV_ROUGH ac:hasValue ?RIV_ROUGHv) (?c ac:hasInput
    ?RIV_KH) (?RIV_KH ac:hasArgumentID ''RIV_KH'') (?RIV_KH ac:hasValue ?RIV_KHv)
    (?c ac:hasInput ?RIV_SINU) (?RIV_SINU ac:hasArgumentID ''RIV_SINU'') (?RIV_SINU
    ac:hasValue ?RIV_SINUv) (?c ac:hasInput ?RIV_CWR) (?RIV_CWR ac:hasArgumentID ''RIV_CWR'')
    (?RIV_CWR ac:hasValue ?RIV_CWRv) (?c ac:hasInput ?RIV_BEDTHICK) (?RIV_BEDTHICK
    ac:hasArgumentID ''RIV_BEDTHICK'') (?RIV_BEDTHICK ac:hasValue ?RIV_BEDTHICKv)
    (?c ac:hasInput ?RIV_BSLOPE) (?RIV_BSLOPE ac:hasArgumentID ''RIV_BSLOPE'') (?RIV_BSLOPE
    ac:hasValue ?RIV_BSLOPEv) (?c ac:hasInput ?RIV_DPTH) (?RIV_DPTH ac:hasArgumentID
    ''RIV_DPTH'') (?RIV_DPTH ac:hasValue ?RIV_DPTHv) (?c ac:hasInput ?RIV_WDTH) (?RIV_WDTH
    ac:hasArgumentID ''RIV_WDTH'') (?RIV_WDTH ac:hasValue ?RIV_WDTHv) (?c ac:hasInput
    ?IC_GW) (?IC_GW ac:hasArgumentID ''IC_GW'') (?IC_GW ac:hasValue ?IC_GWv) (?c ac:hasInput
    ?IC_RIV) (?IC_RIV ac:hasArgumentID ''IC_RIV'') (?IC_RIV ac:hasValue ?IC_RIVv)
    (?c ac:hasInput ?AQ_DEPTH) (?AQ_DEPTH ac:hasArgumentID ''AQ_DEPTH'') (?AQ_DEPTH
    ac:hasValue ?AQ_DEPTHv) (?c ac:hasOutput ?op) (?op ac:hasArgumentID ''pihm-output'')
    strConcat(''start_date_'' ?startv ''_end_date_'' ?endv ''_region_'' ?regionv ''_GEOL_KSATH_''
    ?GEOL_KSATHv ''_GEOL_KSATV_'' ?GEOL_KSATVv ''_GEOL_KMACSATH_'' ?GEOL_KMACSATHv
    ''_GEOL_MACVF_'' ?GEOL_MACVFv ''_GEOL_THETAS_'' ?GEOL_THETASv ''_GEOL_THETAR_''
    ?GEOL_THETARv ''_GEOL_DMAC_'' ?GEOL_DMACv ''_SOIL_KINF_'' ?SOIL_KINFv ''_SOIL_KMACSATV_''
    ?SOIL_KMACSATVv ''_SOIL_DINF_'' ?SOIL_DINFv ''_SOIL_ALPHA_'' ?SOIL_ALPHAv ''_SOIL_BETA_''
    ?SOIL_BETAv ''_SOIL_MACHF_'' ?SOIL_MACHFv ''_LC_VEGFRAC_'' ?LC_VEGFRACv ''_LC_ALBEDO_''
    ?LC_ALBEDOv ''_LC_ROUGH_'' ?LC_ROUGHv ''_LC_DROOT_'' ?LC_DROOTv ''_LC_ISMAX_''
    ?LC_ISMAXv ''_LC_IMPAF_'' ?LC_IMPAFv ''_LC_SOILDGD_'' ?LC_SOILDGDv ''_TS_PRCP_''
    ?TS_PRCPv ''_TS_LAI_'' ?TS_LAIv ''_TS_SFCTMP_'' ?TS_SFCTMPv ''_ET_ETP_'' ?ET_ETPv
    ''_ET_IC_'' ?ET_ICv ''_ET_TR_'' ?ET_TRv ''_ET_SOIL_'' ?ET_SOILv ''_RIV_ROUGH_''
    ?RIV_ROUGHv ''_RIV_KH_'' ?RIV_KHv ''_RIV_SINU_'' ?RIV_SINUv ''_RIV_CWR_'' ?RIV_CWRv
    ''_RIV_BEDTHICK_'' ?RIV_BEDTHICKv ''_RIV_BSLOPE_'' ?RIV_BSLOPEv ''_RIV_DPTH_''
    ?RIV_DPTHv ''_RIV_WDTH_'' ?RIV_WDTHv ''_IC_GW_'' ?IC_GWv ''_IC_RIV_'' ?IC_RIVv
    ''_AQ_DEPTH_'' ?AQ_DEPTHv ?combined) strConcat(''output-'' ?regionv ?extregionv)
    md5hash(?combined ?md5hash) -> print(?extregionv ?combined ?md5hash) (?op dcdom:region
    ?extregionv) (?op dcdom:checksum ?md5hash) ]",,https://github.com/shulele/PIHM_Tech/blob/master/PIHM_Tech.pdf
pihm_flooding,https://w3id.org/okn/o/sdm#Theory-GuidedModel,Flooding calcultation from PIHM output configuration,Transformation to obtain flooding information from PIHM,,https://github.com/KnowledgeCaptureAndDiscovery/MINT-WorkflowDomain/raw/master/WINGSWorkflowComponents/GeneralDataPreparation/pihm_flooding/pihm_flooding.zip,https://raw.githubusercontent.com/KnowledgeCaptureAndDiscovery/MINT-WorkflowDomain/master/WINGSWorkflowComponents/GeneralDataPreparation/pihm_flooding/run,pihm_flooding_surf,pihm_flooding_o,mintproject/pihm2cycles:1.2,,,,,,,Hydrology,,,,pihm_flooding_threshold,,,,,,,,
topoflow36_2.1.0,https://w3id.org/okn/o/sdm#Theory-GuidedModel;https://w3id.org/okn/o/sd#SoftwareConfiguration,TopoFlow configuration with precipitation rates (v36-2.1.0),A basic configuration of the TopoFlow model (v36-2.1.0) aggregating al inputs as a zip file and allowing changing precipitation rates and start/end and time stamp for simulation,osorio_maximiliano,https://github.com/mintproject/MINT-WorkflowDomain/raw/master/WINGSWorkflowComponents/topoflow36_2.1.0/topoflow36_2.1.0.zip,https://github.com/mintproject/MINT-WorkflowDomain/raw/master/WINGSWorkflowComponents/topoflow36_2.1.0/src/run,topoflow36_2.1.0_rainRates;topoflow36_2.1.0_aggregatedInput,topoflow36_2.1.0_aggregatedOutput,mintproject/topoflow:latest,source_topoflow36,"This Topoflow configuration has ISRIC with data for 7 soil layers, and using data from the top 3.
The start and end dates must be compatible with the data selected. For example, if the data is from 2017 the start date cannot be 2018""

There is a 'CHECK_STABILITY' flag that you can set in some of the input configuration files (channels_kin_wave and infil_richards_1d). Since there is no way to predict stable time step size in advance, we have calculated it by trial and error to find the largest value that makes the model work. Once this value is set up, the CHECK_STABILITY flag may be switched to 'No' to speed up the execution of the model. The vertical spacing in the infiltration component (set via dz and nz) layers needs to be small to handle a wide range of rainfall values, but this means the timestep (dt) also needs to be smaller to keep the model stable",snowmelt;precipitation;evapotranspiration;infiltration;channel/overland flow;shallow subsurface flow;flow diversions,river_discharge,topoflow_cfg_simple_CAG,topoflow_grid_general,Hydrology,topoflow_cfg_simple_TI,topoflow_precipitation;topoflow_runoff;topoflow_evap;topoflow_channel,topoflow36_2.1.0_infil_Awash;topoflow36_2.1.0_Muger;topoflow36_2.1.0_infil_Guder;topoflow36_2.1.0_Awash;topoflow36_2.1.0_Baro;topoflow36_2.1.0_infil_Baro;topoflow36_2.1.0_infil_Shebelle;topoflow36_2.1.0_infil_Muger;topoflow36_2.1.0_Shebelle;topoflow36_2.1.0_Guder;topoflow36_2.1.0_infil_Ganale;topoflow36_2.1.0_Ganale,topoflow36_2.1.0_dt;topoflow36_2.1.0_dt_cfg;topoflow36_2.1.0_start_date;topoflow36_2.1.0_end_date,,,,,,,,
topoflow_cfg_simple,https://w3id.org/okn/o/sdm#Theory-GuidedModel;https://w3id.org/okn/o/sd#SoftwareConfiguration,TopoFlow basic configuration with precipitation rates (v35),A basic configuration of the TopoFlow model (v35) aggregating al inputs as a zip file and allowing changing precipitation rates,osorio_maximiliano,https://github.com/mintproject/MINT-WorkflowDomain/raw/master/WINGSWorkflowComponents/topoflow-3.6.0-precipitation-viz/topoflow-3.6.0-precipitation-viz.zip,https://github.com/mintproject/MINT-WorkflowDomain/raw/master/WINGSWorkflowComponents/topoflow-3.6.0-precipitation-viz/src/run,topoflow_cfg_simple_aggregatedInput;topoflow_cfg_simple-rainRates,topoflow_cfg_simple_aggregatedOutput,mintproject/topoflow:latest,source_topoflow36,"This Topoflow configuration has ISRIC with data for 7 soil layers, and using data from the top 3.

There is a 'CHECK_STABILITY' flag that you can set in some of the input configuration files (channels_kin_wave and infil_richards_1d). Since there is no way to predict stable time step size in advance, we have calculated it by trial and error to find the largest value that makes the model work. Once this value is set up, the CHECK_STABILITY flag may be switched to 'No' to speed up the execution of the model. The vertical spacing in the infiltration component (set via dz and nz) layers needs to be small to handle a wide range of rainfall values, but this means the timestep (dt) also needs to be smaller to keep the model stable.",snowmelt;precipitation;evapotranspiration;infiltration;channel/overland flow;shallow subsurface flow;flow diversions,river_discharge,topoflow_cfg_simple_CAG,topoflow_grid_general,Hydrology,topoflow_cfg_simple_TI,topoflow_precipitation;topoflow_runoff;topoflow_evap;topoflow_channel,topoflow_cfg_simple_Baro;topoflow_cfg_advanced_Awash;topoflow_cfg_advanced_Baro;topoflow_cfg_advanced_Guder;topoflow_cfg_advanced_Muger;topoflow_cfg_simple_Shebelle;topoflow_cfg_advanced_Ganale;topoflow_cfg_simple_Muger;topoflow_cfg_simple_Ganale;topoflow_cfg_simple_Awash;topoflow_cfg_advanced_Shebelle;topoflow_cfg_simple_Guder,,,,,,,,,
weather_generator,https://w3id.org/okn/o/sdm#EmpiricalModel;https://w3id.org/okn/o/sd#SoftwareConfiguration,WGEN Basic configuration,WGEN basic configuration adapted from GWGEN (globally applicable weather generator),khider_deborah,https://github.com/KnowledgeCaptureAndDiscovery/MINT-WorkflowDomain/raw/master/WINGSWorkflowComponents/weather_generator/weather_generator.zip,https://raw.githubusercontent.com/KnowledgeCaptureAndDiscovery/MINT-WorkflowDomain/master/WINGSWorkflowComponents/weather_generator/run,wgen_daily;wgen_monthly,wgen_output,mintproject/weather-generator:latest,,,,,,,Weather,wgen_1.0.1_cfg_timeinterval,,,wgen_min_month;wgen_max_month;wgen_flagP;wgen_min_lat;wgen_max_lat;wgen_max_lon;wgen_min_lon;wgen_level,,,,,,,,
