https://w3id.org/okn/o/sdm#ModelConfigurationSetup,http://www.w3.org/2000/01/rdf-schema#label,https://w3id.org/okn/o/sd#description,https://w3id.org/okn/o/sd#hasExample,https://w3id.org/okn/o/sd#hasUsageNotes,http://www.w3.org/1999/02/22-rdf-syntax-ns#type,https://w3id.org/okn/o/sdm#hasModelCategory,https://w3id.org/okn/o/sd#hasInput,https://w3id.org/okn/o/sd#hasOutput,https://w3id.org/okn/o/sd#hasParameter,https://w3id.org/okn/o/sd#hasAssumption,https://w3id.org/okn/o/sdm#hasGrid,https://w3id.org/okn/o/sdm#hasOutputTimeInterval,https://w3id.org/okn/o/sdm#hasCausalDiagram,https://w3id.org/okn/o/sdm#hasProcess,https://w3id.org/okn/o/sd#hasSoftwareImage,https://w3id.org/okn/o/sd#hasImplementationScriptLocation,https://w3id.org/okn/o/sd#hasSupportScriptLocation,https://w3id.org/okn/o/sd#hasComponentLocation,https://w3id.org/okn/o/sd#hasConstraint,https://w3id.org/okn/o/sd#author,https://w3id.org/okn/o/sd#contributor,https://w3id.org/okn/o/sd#dateCreated,https://w3id.org/okn/o/sd#datePublished,https://w3id.org/okn/o/sd#hasPurpose,https://w3id.org/okn/o/sd#hasSampleVisualization,https://w3id.org/okn/o/sd#hasSourceCode,https://w3id.org/okn/o/sd#hasTypicalDataSource,https://w3id.org/okn/o/sd#keywords,https://w3id.org/okn/o/sd#memoryRequirements,https://w3id.org/okn/o/sd#operatingSystems,https://w3id.org/okn/o/sd#processorRequirements,https://w3id.org/okn/o/sd#publisher,https://w3id.org/okn/o/sd#screenshot,https://w3id.org/okn/o/sd#shortDescription,https://w3id.org/okn/o/sd#softwareRequirements,https://w3id.org/okn/o/sdm#hasEquation,https://w3id.org/okn/o/sd#adjustableParameter,https://w3id.org/okn/o/sdm#calibrationMethod,https://w3id.org/okn/o/sdm#calibrationTargetVariable,https://w3id.org/okn/o/sdm#hasRegion,https://w3id.org/okn/o/sdm#parameterAssignmentMethod,https://w3id.org/okn/o/sd#hadPrimarySource,https://w3id.org/okn/o/sdm#usefulForCalculatingIndex
economic-v6_simple_pongo,EACS (v6) basic configuration for South Sudan exposing no parameters,Aggregate crop supply response model calibrated for the Pongo region of South Sudan (version 6). This calibrated model exposes no adjustable parameters.,,,https://w3id.org/okn/o/sdm#Theory-GuidedModel;https://w3id.org/okn/o/sdm#ModelConfiguration,Economy,economic-v6_simple_pongo_cycles_data;economic-v6_simple_pongo_land;economic-v6_simple_pongo_price;economic-v6_simple_pongo_production_cost,economic-v6_simple_pongo_land_use;economic-v6_simple_pongo_calib_land_use,economic-v6_simple_pongo_cassava_crop_price_adjustment;economic-v6_simple_pongo_cassava_land_cost_adjustment;economic-v6_simple_pongo_cassava_fertilizer_cost_adjustment;economic-v6_simple_pongo_groundnuts_crop_price_adjustment;economic-v6_simple_pongo_groundnuts_land_cost_adjustment;economic-v6_simple_pongo_groundnuts_fertilizer_cost_adjustment;economic-v6_simple_pongo_maize_crop_price_adjustment;economic-v6_simple_pongo_maize_land_cost_adjustment;economic-v6_simple_pongo_maize_fertilizer_cost_adjustment;economic-v6_simple_pongo_sesame_crop_price_adjustment;economic-v6_simple_pongo_sesame_land_cost_adjustment;economic-v6_simple_pongo_sesame_fertilizer_cost_adjustment;economic-v6_simple_pongo_sorghum_crop_price_adjustment;economic-v6_simple_pongo_sorghum_land_cost_adjustment;economic-v6_simple_pongo_sorghum_fertilizer_cost_adjustment,,econ_grid,economic_aggregate_crop_supply_TI,economic_aggregate_crop_supply_CAG_process;economic_aggregate_crop_supply_CAG_variables,constr_max_net_revenue_process,mintproject/economic:v5,https://github.com/mintproject/MINT-WorkflowDomain/raw/master/WINGSWorkflowComponents/economic-v6/src/run,,https://github.com/mintproject/MINT-WorkflowDomain/raw/master/WINGSWorkflowComponents/economic-v6/economic-v6.zip,,mayani_rajiv,zhang_zeya;khider_deborah,,,,,source_econ_config_v6,,economy; land use; crop production; fertilizer costs,,,,,,,,,,,econ_land_area;econ_Nfert,Pongo_Basin_SS,Calibration,,
economic-v6_advanced_pongo,EACS (v6) advanced configuration calibrated for South Sudan and exposing 15 parameters-3 per crop ,Aggregate crop supply response model calibrated for the Pongo region of South Sudan (version 6). This calibrated model exposes 15 adjustable parameters: 3 parameters per crop,,The model assumes that only one parameter will be adjusted at the same time,https://w3id.org/okn/o/sdm#Theory-GuidedModel;https://w3id.org/okn/o/sdm#ModelConfiguration,Economy,economic-v6_advanced_pongo_cycles_data;economic-v6_advanced_pongo_land;economic-v6_advanced_pongo_price;economic-v6_advanced_pongo_production_cost,economic-v6_advanced_pongo_land_use;economic-v6_advanced_pongo_calib_land_use,economic-v6_advanced_pongo_cassava_crop_price_adjustment;economic-v6_advanced_pongo_cassava_land_cost_adjustment;economic-v6_advanced_pongo_cassava_fertilizer_cost_adjustment;economic-v6_advanced_pongo_groundnuts_crop_price_adjustment;economic-v6_advanced_pongo_groundnuts_land_cost_adjustment;economic-v6_advanced_pongo_groundnuts_fertilizer_cost_adjustment;economic-v6_advanced_pongo_maize_crop_price_adjustment;economic-v6_advanced_pongo_maize_land_cost_adjustment;economic-v6_advanced_pongo_maize_fertilizer_cost_adjustment;economic-v6_advanced_pongo_sesame_crop_price_adjustment;economic-v6_advanced_pongo_sesame_land_cost_adjustment;economic-v6_advanced_pongo_sesame_fertilizer_cost_adjustment;economic-v6_advanced_pongo_sorghum_crop_price_adjustment;economic-v6_advanced_pongo_sorghum_land_cost_adjustment;economic-v6_advanced_pongo_sorghum_fertilizer_cost_adjustment,,econ_grid,economic_aggregate_crop_supply_TI,economic_aggregate_crop_supply_CAG_process;economic_aggregate_crop_supply_CAG_variables,constr_max_net_revenue_process,mintproject/economic:v5,https://github.com/mintproject/MINT-WorkflowDomain/raw/master/WINGSWorkflowComponents/economic-v6/src/run,,https://github.com/mintproject/MINT-WorkflowDomain/raw/master/WINGSWorkflowComponents/economic-v6/economic-v6.zip,,mayani_rajiv,zhang_zeya;khider_deborah,,,,,source_econ_config_v6,,economy; land use; crop production; fertilizer costs,,,,,,,,,economic-v6_advanced_pongo_cassava_crop_price_adjustment;economic-v6_advanced_pongo_cassava_land_cost_adjustment;economic-v6_advanced_pongo_cassava_fertilizer_cost_adjustment;economic-v6_advanced_pongo_groundnuts_crop_price_adjustment;economic-v6_advanced_pongo_groundnuts_land_cost_adjustment;economic-v6_advanced_pongo_groundnuts_fertilizer_cost_adjustment;economic-v6_advanced_pongo_maize_crop_price_adjustment;economic-v6_advanced_pongo_maize_land_cost_adjustment;economic-v6_advanced_pongo_maize_fertilizer_cost_adjustment;economic-v6_advanced_pongo_sesame_crop_price_adjustment;economic-v6_advanced_pongo_sesame_land_cost_adjustment;economic-v6_advanced_pongo_sesame_fertilizer_cost_adjustment;economic-v6_advanced_pongo_sorghum_crop_price_adjustment;economic-v6_advanced_pongo_sorghum_land_cost_adjustment;economic-v6_advanced_pongo_sorghum_fertilizer_cost_adjustment,,econ_land_area;econ_Nfert,Pongo_Basin_SS,Calibration,,
economic-v6.1_simple_pongo,EACS basic configuration (v6.1) for the Pongo region of South Sudan exposing no parameters ,Aggregate crop supply response model calibrated for the Pongo region of South Sudan (version 6.1). This model exposes no adjustable parameters.,,The model assumes that only one parameter will be adjusted at the same time,https://w3id.org/okn/o/sdm#Theory-GuidedModel;https://w3id.org/okn/o/sdm#ModelConfiguration,Economy,economic-v6.1_simple_pongo_cycles_data;economic-v6.1_simple_pongo_land;economic-v6.1_simple_pongo_price;economic-v6.1_simple_pongo_production_cost,economic-v6.1_simple_pongo_land_use;economic-v6.1_simple_pongo_calib_land_use,economic-v6.1_simple_pongo_cassava_crop_price_adjustment;economic-v6.1_simple_pongo_cassava_land_cost_adjustment;economic-v6.1_simple_pongo_cassava_fertilizer_cost_adjustment;economic-v6.1_simple_pongo_groundnuts_crop_price_adjustment;economic-v6.1_simple_pongo_groundnuts_land_cost_adjustment;economic-v6.1_simple_pongo_groundnuts_fertilizer_cost_adjustment;economic-v6.1_simple_pongo_maize_crop_price_adjustment;economic-v6.1_simple_pongo_maize_land_cost_adjustment;economic-v6.1_simple_pongo_maize_fertilizer_cost_adjustment;economic-v6.1_simple_pongo_sesame_crop_price_adjustment;economic-v6.1_simple_pongo_sesame_land_cost_adjustment;economic-v6.1_simple_pongo_sesame_fertilizer_cost_adjustment;economic-v6.1_simple_pongo_sorghum_crop_price_adjustment;economic-v6.1_simple_pongo_sorghum_land_cost_adjustment;economic-v6.1_simple_pongo_sorghum_fertilizer_cost_adjustment,,econ_grid,economic_aggregate_crop_supply_TI,economic_aggregate_crop_supply_CAG_process;economic_aggregate_crop_supply_CAG_variables,constr_max_net_revenue_process,mintproject/economic:v5,https://github.com/mintproject/MINT-WorkflowDomain/raw/master/WINGSWorkflowComponents/economic-v6.1/src/run,,https://github.com/mintproject/MINT-WorkflowDomain/raw/master/WINGSWorkflowComponents/economic-v6.1/economic-v6.1.zip,,mayani_rajiv,zhang_zeya;khider_deborah,,,,,source_econ_config_v6.1,,economy; land use; crop production; fertilizer costs,,,,,,,,,,,econ_land_area;econ_Nfert,Pongo_Basin_SS,Calibration,,
economic-v6.1_advanced_pongo,EACS advanced configuration calibrated for the Pongo region of South Sudan (v6.1) and exposing 15 parameters-3 per crop ,Aggregate crop supply response model calibrated for the Pongo region of South Sudan (version 6.1). This model exposes 15 adjustable parameters: 3 parameters per crop,,The model assumes that only one parameter will be adjusted at the same time,https://w3id.org/okn/o/sdm#Theory-GuidedModel;https://w3id.org/okn/o/sdm#ModelConfiguration,Economy,economic-v6.1_advanced_pongo_cycles_data;economic-v6.1_advanced_pongo_land;economic-v6.1_advanced_pongo_price;economic-v6.1_advanced_pongo_production_cost,economic-v6.1_advanced_pongo_land_use;economic-v6.1_advanced_pongo_calib_land_use,economic-v6.1_advanced_pongo_cassava_crop_price_adjustment;economic-v6.1_advanced_pongo_cassava_land_cost_adjustment;economic-v6.1_advanced_pongo_cassava_fertilizer_cost_adjustment;economic-v6.1_advanced_pongo_groundnuts_crop_price_adjustment;economic-v6.1_advanced_pongo_groundnuts_land_cost_adjustment;economic-v6.1_advanced_pongo_groundnuts_fertilizer_cost_adjustment;economic-v6.1_advanced_pongo_maize_crop_price_adjustment;economic-v6.1_advanced_pongo_maize_land_cost_adjustment;economic-v6.1_advanced_pongo_maize_fertilizer_cost_adjustment;economic-v6.1_advanced_pongo_sesame_crop_price_adjustment;economic-v6.1_advanced_pongo_sesame_land_cost_adjustment;economic-v6.1_advanced_pongo_sesame_fertilizer_cost_adjustment;economic-v6.1_advanced_pongo_sorghum_crop_price_adjustment;economic-v6.1_advanced_pongo_sorghum_land_cost_adjustment;economic-v6.1_advanced_pongo_sorghum_fertilizer_cost_adjustment,,econ_grid,economic_aggregate_crop_supply_TI,economic_aggregate_crop_supply_CAG_process;economic_aggregate_crop_supply_CAG_variables,constr_max_net_revenue_process,mintproject/economic:v5,https://github.com/mintproject/MINT-WorkflowDomain/raw/master/WINGSWorkflowComponents/economic-v6.1/src/run,,https://github.com/mintproject/MINT-WorkflowDomain/raw/master/WINGSWorkflowComponents/economic-v6.1/economic-v6.1.zip,,mayani_rajiv,zhang_zeya;khider_deborah,,,,,source_econ_config_v6.1,,economy; land use; crop production; fertilizer costs,,,,,,,,,economic-v6.1_advanced_pongo_cassava_crop_price_adjustment;economic-v6.1_advanced_pongo_cassava_land_cost_adjustment;economic-v6.1_advanced_pongo_cassava_fertilizer_cost_adjustment;economic-v6.1_advanced_pongo_groundnuts_crop_price_adjustment;economic-v6.1_advanced_pongo_groundnuts_land_cost_adjustment;economic-v6.1_advanced_pongo_groundnuts_fertilizer_cost_adjustment;economic-v6.1_advanced_pongo_maize_crop_price_adjustment;economic-v6.1_advanced_pongo_maize_land_cost_adjustment;economic-v6.1_advanced_pongo_maize_fertilizer_cost_adjustment;economic-v6.1_advanced_pongo_sesame_crop_price_adjustment;economic-v6.1_advanced_pongo_sesame_land_cost_adjustment;economic-v6.1_advanced_pongo_sesame_fertilizer_cost_adjustment;economic-v6.1_advanced_pongo_sorghum_crop_price_adjustment;economic-v6.1_advanced_pongo_sorghum_land_cost_adjustment;economic-v6.1_advanced_pongo_sorghum_fertilizer_cost_adjustment,,econ_land_area;econ_Nfert,Pongo_Basin_SS,Calibration,,
economic-v6.1_single_crop_pongo,EACS basic configuration calibrated for South Sudan (v6.1) with parameters to adjust maize ,Aggregate crop supply response model calibrated for the Pongo region of South Sudan (version 6.1). Adjustments on maize can be performed,,The model assumes that only one parameter will be adjusted at the same time,https://w3id.org/okn/o/sdm#Theory-GuidedModel;https://w3id.org/okn/o/sdm#ModelConfiguration,Economy,econ_v6.1_single_crop_cycles_data_fixed;econ_v6.1_single_crop_land_fixed;econ_v6.1_single_crop_price_fixed;econ_v6.1_single_crop_production_cost_fixed,economic-v6.1_single_crop_pongo_land_use;economic-v6.1_single_crop_pongo_calib_land_use,economic-v6.1_single_crop_pongo_maize_crop_price_adjustment;economic-v6.1_single_crop_pongo_maize_land_cost_adjustment;economic-v6.1_single_crop_pongo_maize_fertilizer_cost_adjustment,,econ_grid,economic_aggregate_crop_supply_TI,economic_aggregate_crop_supply_CAG_process;economic_aggregate_crop_supply_CAG_variables,constr_max_net_revenue_process,mintproject/economic:v5,https://github.com/mintproject/MINT-WorkflowDomain/raw/master/WINGSWorkflowComponents/economic-v6.1_single_crop/src/run,,https://github.com/mintproject/MINT-WorkflowDomain/raw/master/WINGSWorkflowComponents/economic-v6.1_single_crop/economic-v6.1_single_crop.zip,,mayani_rajiv,zhang_zeya;khider_deborah,,,,,source_econ_config_v6.1_single_crop,,economy; land use; crop production; fertilizer costs,,,,,,,,,economic-v6.1_single_crop_pongo_maize_crop_price_adjustment;economic-v6.1_single_crop_pongo_maize_land_cost_adjustment;economic-v6.1_single_crop_pongo_maize_fertilizer_cost_adjustment,,econ_land_area;econ_Nfert,Pongo_Basin_SS,Calibration,,
economic-v6.1_Gambella_advanced,EACS basic configuration with two crops available (maize and sorghum),Aggregate crop supply response model calibrated for the Gambella region of Etiopia (version 6.1). Adjustments on maize and sorghum can be performed,,The model assumes that only one parameter will be adjusted at the same time,https://w3id.org/okn/o/sdm#Theory-GuidedModel;https://w3id.org/okn/o/sdm#ModelConfiguration,Economy,economic-v6.1_Gambella_advanced_cycles_data;economic-v6.1_Gambella_advanced_land;economic-v6.1_Gambella_advanced_price;economic-v6.1_Gambella_advanced_production_cost,economic-v6.1_Gambella_advanced_land_use;economic-v6.1_Gambella_advanced_calib_land_use,economic-v6.1_Gambella_advanced_maize_crop_price_adjustment;economic-v6.1_Gambella_advanced_maize_land_cost_adjustment;economic-v6.1_Gambella_advanced_maize_fertilizer_cost_adjustment;economic-v6.1_Gambella_advanced_sorghum_crop_price_adjustment;economic-v6.1_Gambella_advanced_sorghum_land_cost_adjustment;economic-v6.1_Gambella_advanced_sorghum_fertilizer_cost_adjustment,The model assumes that only one parameter will be adjusted at the same time,econ_grid,economic_aggregate_crop_supply_TI,economic_aggregate_crop_supply_CAG_process;economic_aggregate_crop_supply_CAG_variables,constr_max_net_revenue_process,mintproject/economic:v5,https://github.com/mintproject/MINT-WorkflowDomain/raw/master/WINGSWorkflowComponents/economicGambela-6.1.0/src/run,,https://github.com/mintproject/MINT-WorkflowDomain/raw/master/WINGSWorkflowComponents/economicGambela-6.1.0/economicGambela-6.1.0.zip,,mayani_rajiv,zhang_zeya;khider_deborah,,,,,source_econ_config_v6.1_gambella,,economy; land use; crop production; fertilizer costs,,,,,,,,,economic-v6.1_Gambella_advanced_maize_crop_price_adjustment;economic-v6.1_Gambella_advanced_maize_land_cost_adjustment;economic-v6.1_Gambella_advanced_maize_fertilizer_cost_adjustment;economic-v6.1_Gambella_advanced_sorghum_crop_price_adjustment;economic-v6.1_Gambella_advanced_sorghum_land_cost_adjustment;economic-v6.1_Gambella_advanced_sorghum_fertilizer_cost_adjustment,,econ_land_area;econ_Nfert,Gambella,Calibration,,
economic-v6.1_Gambella_advanced_elasticities,EACS configuration with two crops available and configurable elasticities file,Aggregate crop supply response model calibrated for the Gambella region of Etiopia (version 6.1). Adjustments on elasticities for maize and sorghum can be performed,,The model assumes that only one parameter will be adjusted at the same time,https://w3id.org/okn/o/sdm#Theory-GuidedModel;https://w3id.org/okn/o/sdm#ModelConfiguration,Economy,economic-v6.1_Gambella_advanced_elasticities_cycles_data;economic-v6.1_Gambella_advanced_elasticities_land;economic-v6.1_Gambella_advanced_elasticities_price;economic-v6.1_Gambella_advanced_elasticities_production_cost,economic-v6.1_Gambella_advanced_elasticities_land_use;economic-v6.1_Gambella_advanced_elasticities_calib_land_use,economic-v6.1_Gambella_advanced_elasticities_maize_crop_price_adjustment;economic-v6.1_Gambella_advanced_elasticities_maize_land_cost_adjustment;economic-v6.1_Gambella_advanced_elasticities_maize_fertilizer_cost_adjustment;economic-v6.1_Gambella_advanced_elasticities_sorghum_crop_price_adjustment;economic-v6.1_Gambella_advanced_elasticities_sorghum_land_cost_adjustment;economic-v6.1_Gambella_advanced_elasticities_sorghum_fertilizer_cost_adjustment,The model assumes that only one parameter will be adjusted at the same time,econ_grid,economic_aggregate_crop_supply_TI,economic_aggregate_crop_supply_CAG_process;economic_aggregate_crop_supply_CAG_variables,constr_max_net_revenue_process,mintproject/economic:v5,https://github.com/mintproject/MINT-WorkflowDomain/raw/master/WINGSWorkflowComponents/economicGambela-6.1.0/src/run,,https://github.com/mintproject/MINT-WorkflowDomain/raw/master/WINGSWorkflowComponents/economicGambela-6.1.0/economicGambela-6.1.0.zip,,mayani_rajiv,zhang_zeya;khider_deborah,,,,,source_econ_config_v6.1_gambella,,economy; land use; crop production; fertilizer costs,,,,,,,,,economic-v6.1_Gambella_advanced_elasticities_maize_crop_price_adjustment;economic-v6.1_Gambella_advanced_elasticities_maize_land_cost_adjustment;economic-v6.1_Gambella_advanced_elasticities_maize_fertilizer_cost_adjustment;economic-v6.1_Gambella_advanced_elasticities_sorghum_crop_price_adjustment;economic-v6.1_Gambella_advanced_elasticities_sorghum_land_cost_adjustment;economic-v6.1_Gambella_advanced_elasticities_sorghum_fertilizer_cost_adjustment,,econ_land_area;econ_Nfert,Gambella,Calibration,,
,,,,,,,,,,,,,,,,,,,,,,,,,,,,,,,,,,,,,,,,,,,
cycles-0.9.4-alpha-simple-pongo,Cycles configured model (v0.9.4) for the Pongo region-no file selection ,Cycles model (v0.9.4) for the Pongo region-no file or parameter selection ,,"""The weather file must be compatible with the year selected for simulation. Otherwise the model will not work. For example, if the weather file is for 2018, the model will output an error when attempting to simulate 2000..2017""",https://w3id.org/okn/o/sdm#Theory-GuidedModel;https://w3id.org/okn/o/sdm#ModelConfiguration,Agriculture,cycles-0.9.4-alpha-simple-pongo_soil;cycles-0.9.4-alpha-simple-pongo_weather;cycles-0.9.4-alpha-simple-pongo_crops,cycles-0.9.4-alpha-simple-pongo_soilProfile;cycles-0.9.4-alpha-simple-pongo_crop;cycles-0.9.4-alpha-simple-pongo_water;cycles-0.9.4-alpha-simple-pongo_somF;cycles-0.9.4-alpha-simple-pongo_summary;cycles-0.9.4-alpha-simple-pongo_nitrogen;cycles-0.9.4-alpha-simple-pongo_weatherOutput;cycles-0.9.4-alpha-simple-pongo_season;cycles-0.9.4-alpha-simple-pongo_outputs,cycles-0.9.4-alpha-simple-pongo_crop_name;cycles-0.9.4-alpha-simple-pongo_start_year;cycles-0.9.4-alpha-simple-pongo_end_year;cycles-0.9.4-alpha-simple-pongo_start_planting_day;cycles-0.9.4-alpha-simple-pongo_end_planting_day;cycles-0.9.4-alpha-simple-pongo_fertilizer_rate;cycles-0.9.4-alpha-simple-pongo_weed_fraction;cycles-0.9.4-alpha-simple-pongo_use_forcing,,cycles_grid,cycles_cfg_simple_TI,cycles_cfg_simple_CAG;cycles_cfg_complex_CAG,cycles_precipitation_process;cycles_solarradiation_process;cycles_management_process;cycles_transpiration_process;cycles_biomassgrowth_process;cycles_Nuptake_process;cycles_respiration_process;cycles_humification_process;cycles_Ntransport_process;cycles_Nmineralizationandimmobalization_process,mintproject/cycles:0.9.4-alpha,https://github.com/mintproject/MINT-WorkflowDomain/raw/master/WINGSWorkflowComponents/cycles-0.9.4-alpha/src/run,,https://github.com/mintproject/MINT-WorkflowDomain/blob/18cf8de2b117fad2a4ede6eb1a439b76ff241486/WINGSWorkflowComponents/cycles-0.9.4-alpha/cycles-0.9.4-alpha.zip?raw=true,,silva_rafael,,,,,,source_cycles-0.9.4-alpha,,agriculture; cycles; crop growth; weather;soil;crop management,,,,,,,,,,,,Pongo_Basin_SS,Expert-configured,,crop__seasonal_production_index
cycles-0.9.4-alpha-advanced-pongo,Cycles configured model (v0.9.4) for the Pongo region (single point per weather file) with adjustable planting dates,Cycles model (v0.9.4) for the Pongo region. Planting dates can be selected as parameter values ,,"""The weather file must be compatible with the year selected for simulation. Otherwise the model will not work. For example, if the weather file is for 2018, the model will output an error when attempting to simulate 2000..2017""",https://w3id.org/okn/o/sdm#Theory-GuidedModel;https://w3id.org/okn/o/sdm#ModelConfiguration,Agriculture,cycles-0.9.4-alpha-advanced-pongo_soil;cycles-0.9.4-alpha-advanced-pongo_weather;cycles-0.9.4-alpha-advanced-pongo_crops,cycles-0.9.4-alpha-advanced-pongo_soilProfile;cycles-0.9.4-alpha-advanced-pongo_crop;cycles-0.9.4-alpha-advanced-pongo_water;cycles-0.9.4-alpha-advanced-pongo_somF;cycles-0.9.4-alpha-advanced-pongo_summary;cycles-0.9.4-alpha-advanced-pongo_nitrogen;cycles-0.9.4-alpha-advanced-pongo_weatherOutput;cycles-0.9.4-alpha-advanced-pongo_season;cycles-0.9.4-alpha-advanced-pongo_outputs,cycles-0.9.4-alpha-advanced-pongo_crop_name;cycles-0.9.4-alpha-advanced-pongo_start_year;cycles-0.9.4-alpha-advanced-pongo_end_year;cycles-0.9.4-alpha-advanced-pongo_start_planting_day;cycles-0.9.4-alpha-advanced-pongo_end_planting_day;cycles-0.9.4-alpha-advanced-pongo_fertilizer_rate;cycles-0.9.4-alpha-advanced-pongo_weed_fraction;cycles-0.9.4-alpha-advanced-pongo_use_forcing,,cycles_grid,cycles_cfg_simple_TI,cycles_cfg_simple_CAG;cycles_cfg_complex_CAG,cycles_precipitation_process;cycles_solarradiation_process;cycles_management_process;cycles_transpiration_process;cycles_biomassgrowth_process;cycles_Nuptake_process;cycles_respiration_process;cycles_humification_process;cycles_Ntransport_process;cycles_Nmineralizationandimmobalization_process,mintproject/cycles:0.9.4-alpha,https://github.com/mintproject/MINT-WorkflowDomain/raw/master/WINGSWorkflowComponents/cycles-0.9.4-alpha/src/run,,https://github.com/mintproject/MINT-WorkflowDomain/blob/18cf8de2b117fad2a4ede6eb1a439b76ff241486/WINGSWorkflowComponents/cycles-0.9.4-alpha/cycles-0.9.4-alpha.zip?raw=true,,silva_rafael,,,,,,source_cycles-0.9.4-alpha,,agriculture; cycles; crop growth; weather;soil;crop management,,,,,,,,,cycles-0.9.4-alpha-advanced-pongo_crop_name;cycles-0.9.4-alpha-advanced-pongo_start_year;cycles-0.9.4-alpha-advanced-pongo_end_year;cycles-0.9.4-alpha-advanced-pongo_start_planting_day;cycles-0.9.4-alpha-advanced-pongo_end_planting_day;cycles-0.9.4-alpha-advanced-pongo_fertilizer_rate;cycles-0.9.4-alpha-advanced-pongo_weed_fraction,,,Pongo_Basin_SS,Expert-configured,,crop__seasonal_production_index
cycles-0.9.4-alpha-advanced-pongo-multple-points,"""Cycles model (v0.9.4) set up for the Pongo region (South Sudan) with adjustable planting dates and for multiple points for weather (pre-selected)""","Cycles model (v0.9.4) for the Pongo region with weather files for multiple points, which have been preselected for the region. Planting dates can be selected as parameter values ",,"""The weather file must be compatible with the year selected for simulation. Otherwise the model will not work. For example, if the weather file is for 2018, the model will output an error when attempting to simulate 2000..2017. """,https://w3id.org/okn/o/sdm#Theory-GuidedModel;https://w3id.org/okn/o/sdm#ModelConfiguration,Agriculture,cycles-0.9.4-alpha-advanced-pongo-multple-points_soil;cycles-0.9.4-alpha-advanced-pongo-multple-points_weather;cycles-0.9.4-alpha-advanced-pongo-multple-points_crops,cycles-0.9.4-alpha-advanced-pongo-multple-points_soilProfile;cycles-0.9.4-alpha-advanced-pongo-multple-points_crop;cycles-0.9.4-alpha-advanced-pongo-multple-points_water;cycles-0.9.4-alpha-advanced-pongo-multple-points_somF;cycles-0.9.4-alpha-advanced-pongo-multple-points_summary;cycles-0.9.4-alpha-advanced-pongo-multple-points_nitrogen;cycles-0.9.4-alpha-advanced-pongo-multple-points_weatherOutput;cycles-0.9.4-alpha-advanced-pongo-multple-points_season;cycles-0.9.4-alpha-advanced-pongo-multple-points_outputs,cycles-0.9.4-alpha-advanced-pongo-multple-points_crop_name;cycles-0.9.4-alpha-advanced-pongo-multple-points_start_year;cycles-0.9.4-alpha-advanced-pongo-multple-points_end_year;cycles-0.9.4-alpha-advanced-pongo-multple-points_start_planting_day;cycles-0.9.4-alpha-advanced-pongo-multple-points_end_planting_day;cycles-0.9.4-alpha-advanced-pongo-multple-points_fertilizer_rate;cycles-0.9.4-alpha-advanced-pongo-multple-points_weed_fraction;cycles-0.9.4-alpha-advanced-pongo-multple-points_use_forcing,,cycles_grid,cycles_cfg_simple_TI,cycles_cfg_simple_CAG;cycles_cfg_complex_CAG,cycles_precipitation_process;cycles_solarradiation_process;cycles_management_process;cycles_transpiration_process;cycles_biomassgrowth_process;cycles_Nuptake_process;cycles_respiration_process;cycles_humification_process;cycles_Ntransport_process;cycles_Nmineralizationandimmobalization_process,mintproject/cycles:0.9.4-alpha,https://github.com/mintproject/MINT-WorkflowDomain/raw/master/WINGSWorkflowComponents/cycles-0.9.4-alpha/src/run,,https://github.com/mintproject/MINT-WorkflowDomain/blob/18cf8de2b117fad2a4ede6eb1a439b76ff241486/WINGSWorkflowComponents/cycles-0.9.4-alpha/cycles-0.9.4-alpha.zip?raw=true,,silva_rafael,,,,,,source_cycles-0.9.4-alpha,,agriculture; cycles; crop growth; weather;soil;crop management,,,,,,,,,cycles-0.9.4-alpha-advanced-pongo-multple-points_crop_name;cycles-0.9.4-alpha-advanced-pongo-multple-points_start_year;cycles-0.9.4-alpha-advanced-pongo-multple-points_end_year;cycles-0.9.4-alpha-advanced-pongo-multple-points_start_planting_day;cycles-0.9.4-alpha-advanced-pongo-multple-points_end_planting_day;cycles-0.9.4-alpha-advanced-pongo-multple-points_fertilizer_rate;cycles-0.9.4-alpha-advanced-pongo-multple-points_weed_fraction,,,Pongo_Basin_SS,Expert-configured,,crop__seasonal_production_index
cycles-0.9.4-alpha-advanced-pongo-weather,Cycles configured model (v0.9.4) for the Pongo region with planting dates. Weather file (single point) can be selected,Cycles model (v0.9.4) for the Pongo region. Planting dates can be selected as parameter values and the weather file can be chosen as an input ,,"""The weather file must be compatible with the year selected for simulation. Otherwise the model will not work. For example, if the weather file is for 2018, the model will output an error when attempting to simulate 2000..2017""",https://w3id.org/okn/o/sdm#Theory-GuidedModel;https://w3id.org/okn/o/sdm#ModelConfiguration,Agriculture,cycles-0.9.4-alpha-advanced-pongo-weather_soil;cycles-0.9.4-alpha-advanced-pongo-weather_weather;cycles-0.9.4-alpha-advanced-pongo-weather_crops,cycles-0.9.4-alpha-advanced-pongo-weather_soilProfile;cycles-0.9.4-alpha-advanced-pongo-weather_crop;cycles-0.9.4-alpha-advanced-pongo-weather_water;cycles-0.9.4-alpha-advanced-pongo-weather_somF;cycles-0.9.4-alpha-advanced-pongo-weather_summary;cycles-0.9.4-alpha-advanced-pongo-weather_nitrogen;cycles-0.9.4-alpha-advanced-pongo-weather_weatherOutput;cycles-0.9.4-alpha-advanced-pongo-weather_season;cycles-0.9.4-alpha-advanced-pongo-weather_outputs,cycles-0.9.4-alpha-advanced-pongo-weather_crop_name;cycles-0.9.4-alpha-advanced-pongo-weather_start_year;cycles-0.9.4-alpha-advanced-pongo-weather_end_year;cycles-0.9.4-alpha-advanced-pongo-weather_start_planting_day;cycles-0.9.4-alpha-advanced-pongo-weather_end_planting_day;cycles-0.9.4-alpha-advanced-pongo-weather_fertilizer_rate;cycles-0.9.4-alpha-advanced-pongo-weather_weed_fraction;cycles-0.9.4-alpha-advanced-pongo-weather_use_forcing,,cycles_grid,cycles_cfg_simple_TI,cycles_cfg_simple_CAG;cycles_cfg_complex_CAG,cycles_precipitation_process;cycles_solarradiation_process;cycles_management_process;cycles_transpiration_process;cycles_biomassgrowth_process;cycles_Nuptake_process;cycles_respiration_process;cycles_humification_process;cycles_Ntransport_process;cycles_Nmineralizationandimmobalization_process,mintproject/cycles:0.9.4-alpha,https://github.com/mintproject/MINT-WorkflowDomain/raw/master/WINGSWorkflowComponents/cycles-0.9.4-alpha/src/run,,https://github.com/mintproject/MINT-WorkflowDomain/blob/18cf8de2b117fad2a4ede6eb1a439b76ff241486/WINGSWorkflowComponents/cycles-0.9.4-alpha/cycles-0.9.4-alpha.zip?raw=true,,silva_rafael,,,,,,source_cycles-0.9.4-alpha,,agriculture; cycles; crop growth; weather;soil;crop management,,,,,,,,,cycles-0.9.4-alpha-advanced-pongo-weather_crop_name;cycles-0.9.4-alpha-advanced-pongo-weather_start_year;cycles-0.9.4-alpha-advanced-pongo-weather_end_year;cycles-0.9.4-alpha-advanced-pongo-weather_start_planting_day;cycles-0.9.4-alpha-advanced-pongo-weather_end_planting_day;cycles-0.9.4-alpha-advanced-pongo-weather_fertilizer_rate;cycles-0.9.4-alpha-advanced-pongo-weather_weed_fraction,,,Pongo_Basin_SS,Expert-configured,,crop__seasonal_production_index
cycles-0.9.4-alpha-simple-texas,Cycles model (v0.9.4) set up for a single point (weather file) in Texas,Cycles model (v0.9.4) set up for the Texas region. Parameters and files are already preconfigured,,"""The crop file is location dependant. The weather file must be compatible with the year selected for simulation. Otherwise the model will not work. For example, if the weather file is for 2018, the model will output an error when attempting to simulate 2000..2017""",https://w3id.org/okn/o/sdm#Theory-GuidedModel;https://w3id.org/okn/o/sdm#ModelConfiguration,Agriculture,cycles-0.9.4-alpha-simple-texas_soil;cycles-0.9.4-alpha-simple-texas_weather;cycles-0.9.4-alpha-simple-texas_crops,cycles-0.9.4-alpha-simple-texas_soilProfile;cycles-0.9.4-alpha-simple-texas_crop;cycles-0.9.4-alpha-simple-texas_water;cycles-0.9.4-alpha-simple-texas_somF;cycles-0.9.4-alpha-simple-texas_summary;cycles-0.9.4-alpha-simple-texas_nitrogen;cycles-0.9.4-alpha-simple-texas_weatherOutput;cycles-0.9.4-alpha-simple-texas_season;cycles-0.9.4-alpha-simple-texas_outputs,cycles-0.9.4-alpha-simple-texas_crop_name;cycles-0.9.4-alpha-simple-texas_start_year;cycles-0.9.4-alpha-simple-texas_end_year;cycles-0.9.4-alpha-simple-texas_start_planting_day;cycles-0.9.4-alpha-simple-texas_end_planting_day;cycles-0.9.4-alpha-simple-texas_fertilizer_rate;cycles-0.9.4-alpha-simple-texas_weed_fraction;cycles-0.9.4-alpha-simple-texas_use_forcing,,cycles_grid,cycles_cfg_simple_TI,cycles_cfg_simple_CAG;cycles_cfg_complex_CAG,cycles_precipitation_process;cycles_solarradiation_process;cycles_management_process;cycles_transpiration_process;cycles_biomassgrowth_process;cycles_Nuptake_process;cycles_respiration_process;cycles_humification_process;cycles_Ntransport_process;cycles_Nmineralizationandimmobalization_process,mintproject/cycles:0.9.4-alpha,https://github.com/mintproject/MINT-WorkflowDomain/raw/master/WINGSWorkflowComponents/cycles-0.9.4-alpha/src/run,,https://github.com/mintproject/MINT-WorkflowDomain/blob/18cf8de2b117fad2a4ede6eb1a439b76ff241486/WINGSWorkflowComponents/cycles-0.9.4-alpha/cycles-0.9.4-alpha.zip?raw=true,,silva_rafael,,,,,,source_cycles-0.9.4-alpha,,agriculture; cycles; crop growth; weather;soil;crop management,,,,,,,,,,,,Texas,Expert-configured,,crop__seasonal_production_index
cycles-0.9.4-alpha-advanced-texas,Cycles model (v0.9.4) set up for a single point (weather file) in Texas with adjustable parameters,Cycles model (v0.9.4) set up for the Texas region. Parameters are adjustable but files are not,,"""The crop file is location dependant. The weather file must be compatible with the year selected for simulation. Otherwise the model will not work. For example, if the weather file is for 2018, the model will output an error when attempting to simulate 2000..2017""",https://w3id.org/okn/o/sdm#Theory-GuidedModel;https://w3id.org/okn/o/sdm#ModelConfiguration,Agriculture,cycles-0.9.4-alpha-advanced-texas_soil;cycles-0.9.4-alpha-advanced-texas_weather;cycles-0.9.4-alpha-advanced-texas_crops,cycles-0.9.4-alpha-advanced-texas_soilProfile;cycles-0.9.4-alpha-advanced-texas_crop;cycles-0.9.4-alpha-advanced-texas_water;cycles-0.9.4-alpha-advanced-texas_somF;cycles-0.9.4-alpha-advanced-texas_summary;cycles-0.9.4-alpha-advanced-texas_nitrogen;cycles-0.9.4-alpha-advanced-texas_weatherOutput;cycles-0.9.4-alpha-advanced-texas_season;cycles-0.9.4-alpha-advanced-texas_outputs,cycles-0.9.4-alpha-advanced-texas_crop_name;cycles-0.9.4-alpha-advanced-texas_start_year;cycles-0.9.4-alpha-advanced-texas_end_year;cycles-0.9.4-alpha-advanced-texas_start_planting_day;cycles-0.9.4-alpha-advanced-texas_end_planting_day;cycles-0.9.4-alpha-advanced-texas_fertilizer_rate;cycles-0.9.4-alpha-advanced-texas_weed_fraction;cycles-0.9.4-alpha-advanced-texas_use_forcing,,cycles_grid,cycles_cfg_simple_TI,cycles_cfg_simple_CAG;cycles_cfg_complex_CAG,cycles_precipitation_process;cycles_solarradiation_process;cycles_management_process;cycles_transpiration_process;cycles_biomassgrowth_process;cycles_Nuptake_process;cycles_respiration_process;cycles_humification_process;cycles_Ntransport_process;cycles_Nmineralizationandimmobalization_process,mintproject/cycles:0.9.4-alpha,https://github.com/mintproject/MINT-WorkflowDomain/raw/master/WINGSWorkflowComponents/cycles-0.9.4-alpha/src/run,,https://github.com/mintproject/MINT-WorkflowDomain/blob/18cf8de2b117fad2a4ede6eb1a439b76ff241486/WINGSWorkflowComponents/cycles-0.9.4-alpha/cycles-0.9.4-alpha.zip?raw=true,,silva_rafael,,,,,,source_cycles-0.9.4-alpha,,agriculture; cycles; crop growth; weather;soil;crop management,,,,,,,,,cycles-0.9.4-alpha-advanced-texas_crop_name;cycles-0.9.4-alpha-advanced-texas_start_year;cycles-0.9.4-alpha-advanced-texas_end_year;cycles-0.9.4-alpha-advanced-texas_start_planting_day;cycles-0.9.4-alpha-advanced-texas_end_planting_day;cycles-0.9.4-alpha-advanced-texas_fertilizer_rate;cycles-0.9.4-alpha-advanced-texas_weed_fraction,,,Texas,Expert-configured,,crop__seasonal_production_index
cycles-0.9.4-alpha-advanced-texas-weather,"""Cycles model (v0.9.4) set up for a single point in Texas, with fixed planting dates and adjustable weather file (single point)""",Cycles model (v0.9.4) set up for the Texas region. Planting dates can be selected as parameter values and the weather file can be chosen as an input ,,"""The crop file is location dependant. The weather file must be compatible with the year selected for simulation. Otherwise the model will not work. For example, if the weather file is for 2018, the model will output an error when attempting to simulate 2000..2017""",https://w3id.org/okn/o/sdm#Theory-GuidedModel;https://w3id.org/okn/o/sdm#ModelConfiguration,Agriculture,cycles-0.9.4-alpha-advanced-texas-weather_soil;cycles-0.9.4-alpha-advanced-texas-weather_weather;cycles-0.9.4-alpha-advanced-texas-weather_crops,cycles-0.9.4-alpha-advanced-texas-weather_soilProfile;cycles-0.9.4-alpha-advanced-texas-weather_crop;cycles-0.9.4-alpha-advanced-texas-weather_water;cycles-0.9.4-alpha-advanced-texas-weather_somF;cycles-0.9.4-alpha-advanced-texas-weather_summary;cycles-0.9.4-alpha-advanced-texas-weather_nitrogen;cycles-0.9.4-alpha-advanced-texas-weather_weatherOutput;cycles-0.9.4-alpha-advanced-texas-weather_season;cycles-0.9.4-alpha-advanced-texas-weather_outputs,cycles-0.9.4-alpha-advanced-texas-weather_crop_name;cycles-0.9.4-alpha-advanced-texas-weather_start_year;cycles-0.9.4-alpha-advanced-texas-weather_end_year;cycles-0.9.4-alpha-advanced-texas-weather_start_planting_day;cycles-0.9.4-alpha-advanced-texas-weather_end_planting_day;cycles-0.9.4-alpha-advanced-texas-weather_fertilizer_rate;cycles-0.9.4-alpha-advanced-texas-weather_weed_fraction;cycles-0.9.4-alpha-advanced-texas-weather_use_forcing_fixed,,cycles_grid,cycles_cfg_simple_TI,cycles_cfg_simple_CAG;cycles_cfg_complex_CAG,cycles_precipitation_process;cycles_solarradiation_process;cycles_management_process;cycles_transpiration_process;cycles_biomassgrowth_process;cycles_Nuptake_process;cycles_respiration_process;cycles_humification_process;cycles_Ntransport_process;cycles_Nmineralizationandimmobalization_process,mintproject/cycles:0.9.4-alpha,https://github.com/mintproject/MINT-WorkflowDomain/raw/master/WINGSWorkflowComponents/cycles-0.9.4-alpha/src/run,,https://github.com/mintproject/MINT-WorkflowDomain/blob/18cf8de2b117fad2a4ede6eb1a439b76ff241486/WINGSWorkflowComponents/cycles-0.9.4-alpha/cycles-0.9.4-alpha.zip?raw=true,,silva_rafael,,,,,,source_cycles-0.9.4-alpha,,agriculture; cycles; crop growth; weather;soil;crop management,,,,,,,,,cycles-0.9.4-alpha-advanced-texas-weather_crop_name;cycles-0.9.4-alpha-advanced-texas-weather_start_year;cycles-0.9.4-alpha-advanced-texas-weather_end_year;cycles-0.9.4-alpha-advanced-texas-weather_start_planting_day;cycles-0.9.4-alpha-advanced-texas-weather_end_planting_day;cycles-0.9.4-alpha-advanced-texas-weather_fertilizer_rate;cycles-0.9.4-alpha-advanced-texas-weather_weed_fraction,,,Texas,Expert-configured,,crop__seasonal_production_index
cycles-0.9.4-alpha-advanced-ethiopia,Cycles model (v0.9.4) set up for the Gambella region (Ethiopia) with adjustable parameters,"""Cycles model (v0.9.4) set up for the Gambella region (Ethiopia) in a single point (i.e., single weather file). Parameters are adjustable but files are not""",,"""The crop file is location dependant. The weather file must be compatible with the year selected for simulation. Otherwise the model will not work. For example, if the weather file is for 2018, the model will output an error when attempting to simulate 2000..2017""",https://w3id.org/okn/o/sdm#Theory-GuidedModel;https://w3id.org/okn/o/sdm#ModelConfiguration,Agriculture,cycles-0.9.4-alpha-advanced-ethiopia_soil;cycles-0.9.4-alpha-advanced-ethiopia_weather;cycles-0.9.4-alpha-advanced-ethiopia_crops,cycles-0.9.4-alpha-advanced-ethiopia_soilProfile;cycles-0.9.4-alpha-advanced-ethiopia_crop;cycles-0.9.4-alpha-advanced-ethiopia_water;cycles-0.9.4-alpha-advanced-ethiopia_somF;cycles-0.9.4-alpha-advanced-ethiopia_summary;cycles-0.9.4-alpha-advanced-ethiopia_nitrogen;cycles-0.9.4-alpha-advanced-ethiopia_weatherOutput;cycles-0.9.4-alpha-advanced-ethiopia_season;cycles-0.9.4-alpha-advanced-ethiopia_outputs,cycles-0.9.4-alpha-advanced-ethiopia_crop_name;cycles-0.9.4-alpha-advanced-ethiopia_start_year;cycles-0.9.4-alpha-advanced-ethiopia_end_year;cycles-0.9.4-alpha-advanced-ethiopia_start_planting_day;cycles-0.9.4-alpha-advanced-ethiopia_end_planting_day;cycles-0.9.4-alpha-advanced-ethiopia_fertilizer_rate;cycles-0.9.4-alpha-advanced-ethiopia_weed_fraction;cycles-0.9.4-alpha-advanced-ethiopia_use_forcing,,cycles_grid,cycles_cfg_simple_TI,cycles_cfg_simple_CAG;cycles_cfg_complex_CAG,cycles_precipitation_process;cycles_solarradiation_process;cycles_management_process;cycles_transpiration_process;cycles_biomassgrowth_process;cycles_Nuptake_process;cycles_respiration_process;cycles_humification_process;cycles_Ntransport_process;cycles_Nmineralizationandimmobalization_process,mintproject/cycles:0.9.4-alpha,https://github.com/mintproject/MINT-WorkflowDomain/raw/master/WINGSWorkflowComponents/cycles-0.9.4-alpha/src/run,,https://github.com/mintproject/MINT-WorkflowDomain/blob/18cf8de2b117fad2a4ede6eb1a439b76ff241486/WINGSWorkflowComponents/cycles-0.9.4-alpha/cycles-0.9.4-alpha.zip?raw=true,,silva_rafael,,,,,,source_cycles-0.9.4-alpha,,agriculture; cycles; crop growth; weather;soil;crop management,,,,,,,,,cycles-0.9.4-alpha-advanced-ethiopia_crop_name;cycles-0.9.4-alpha-advanced-ethiopia_start_year;cycles-0.9.4-alpha-advanced-ethiopia_end_year;cycles-0.9.4-alpha-advanced-ethiopia_start_planting_day;cycles-0.9.4-alpha-advanced-ethiopia_end_planting_day;cycles-0.9.4-alpha-advanced-ethiopia_fertilizer_rate;cycles-0.9.4-alpha-advanced-ethiopia_weed_fraction,,,Gambella,Expert-configured,,crop__seasonal_production_index
cycles-0.9.4-alpha-advanced-ethiopia-multiple-points,"""Cycles model (v0.9.4) set up for the Gambella region (Ethiopia) with adjustable planting dates and for multiple points for weather (pre-selected)""","""Cycles model (v0.9.4) set up for the Gambella region (Ethiopia), with multiple weather files for different points. Parameters are adjustable but files are not.""",,"""The crop file is location dependant. The weather file must be compatible with the year selected for simulation. Otherwise the model will not work. For example, if the weather file is for 2018, the model will output an error when attempting to simulate 2000..2017""",https://w3id.org/okn/o/sdm#Theory-GuidedModel;https://w3id.org/okn/o/sdm#ModelConfiguration,Agriculture,cycles-0.9.4-alpha-advanced-ethiopia-multiple-points_soil;cycles-0.9.4-alpha-advanced-ethiopia-multiple-points_weather;cycles-0.9.4-alpha-advanced-ethiopia-multiple-points_crops,cycles-0.9.4-alpha-advanced-ethiopia-multiple-points_soilProfile;cycles-0.9.4-alpha-advanced-ethiopia-multiple-points_crop;cycles-0.9.4-alpha-advanced-ethiopia-multiple-points_water;cycles-0.9.4-alpha-advanced-ethiopia-multiple-points_somF;cycles-0.9.4-alpha-advanced-ethiopia-multiple-points_summary;cycles-0.9.4-alpha-advanced-ethiopia-multiple-points_nitrogen;cycles-0.9.4-alpha-advanced-ethiopia-multiple-points_weatherOutput;cycles-0.9.4-alpha-advanced-ethiopia-multiple-points_season;cycles-0.9.4-alpha-advanced-ethiopia-multiple-points_outputs,cycles-0.9.4-alpha-advanced-ethiopia-multiple-points_crop_name;cycles-0.9.4-alpha-advanced-ethiopia-multiple-points_start_year;cycles-0.9.4-alpha-advanced-ethiopia-multiple-points_end_year;cycles-0.9.4-alpha-advanced-ethiopia-multiple-points_start_planting_day;cycles-0.9.4-alpha-advanced-ethiopia-multiple-points_end_planting_day;cycles-0.9.4-alpha-advanced-ethiopia-multiple-points_fertilizer_rate;cycles-0.9.4-alpha-advanced-ethiopia-multiple-points_weed_fraction;cycles-0.9.4-alpha-advanced-ethiopia-multiple-points_use_forcing,,cycles_grid,cycles_cfg_simple_TI,cycles_cfg_simple_CAG;cycles_cfg_complex_CAG,cycles_precipitation_process;cycles_solarradiation_process;cycles_management_process;cycles_transpiration_process;cycles_biomassgrowth_process;cycles_Nuptake_process;cycles_respiration_process;cycles_humification_process;cycles_Ntransport_process;cycles_Nmineralizationandimmobalization_process,mintproject/cycles:0.9.4-alpha,https://github.com/mintproject/MINT-WorkflowDomain/raw/master/WINGSWorkflowComponents/cycles-0.9.4-alpha/src/run,,https://github.com/mintproject/MINT-WorkflowDomain/blob/18cf8de2b117fad2a4ede6eb1a439b76ff241486/WINGSWorkflowComponents/cycles-0.9.4-alpha/cycles-0.9.4-alpha.zip?raw=true,,silva_rafael,,,,,,source_cycles-0.9.4-alpha,,agriculture; cycles; crop growth; weather;soil;crop management,,,,,,,,,cycles-0.9.4-alpha-advanced-ethiopia-multiple-points_crop_name;cycles-0.9.4-alpha-advanced-ethiopia-multiple-points_start_year;cycles-0.9.4-alpha-advanced-ethiopia-multiple-points_end_year;cycles-0.9.4-alpha-advanced-ethiopia-multiple-points_start_planting_day;cycles-0.9.4-alpha-advanced-ethiopia-multiple-points_end_planting_day;cycles-0.9.4-alpha-advanced-ethiopia-multiple-points_fertilizer_rate;cycles-0.9.4-alpha-advanced-ethiopia-multiple-points_weed_fraction,,,Gambella,Expert-configured,,crop__seasonal_production_index
cycles-0.9.4-alpha-advanced-ethiopia-weather,"""Cycles model (v0.9.4) set up for a single point in the Gambella region, with fixed planting dates and an adjustable weather file (single point)""","""Cycles model (v0.9.4) set up for the Gambella region (Ethiopia), single point, with fixed planting dates. The weather file is not set to any default""",,"""The crop file is location dependant. The weather file must be compatible with the year selected for simulation. Otherwise the model will not work. For example, if the weather file is for 2018, the model will output an error when attempting to simulate 2000..2017""",https://w3id.org/okn/o/sdm#Theory-GuidedModel;https://w3id.org/okn/o/sdm#ModelConfiguration,Agriculture,cycles-0.9.4-alpha-advanced-ethiopia-weather_soil;cycles-0.9.4-alpha-advanced-ethiopia-weather_weather;cycles-0.9.4-alpha-advanced-ethiopia-weather_crops,cycles-0.9.4-alpha-advanced-ethiopia-weather_soilProfile;cycles-0.9.4-alpha-advanced-ethiopia-weather_crop;cycles-0.9.4-alpha-advanced-ethiopia-weather_water;cycles-0.9.4-alpha-advanced-ethiopia-weather_somF;cycles-0.9.4-alpha-advanced-ethiopia-weather_summary;cycles-0.9.4-alpha-advanced-ethiopia-weather_nitrogen;cycles-0.9.4-alpha-advanced-ethiopia-weather_weatherOutput;cycles-0.9.4-alpha-advanced-ethiopia-weather_season;cycles-0.9.4-alpha-advanced-ethiopia-weather_outputs,cycles-0.9.4-alpha-advanced-ethiopia-weather_crop_name;cycles-0.9.4-alpha-advanced-ethiopia-weather_start_year;cycles-0.9.4-alpha-advanced-ethiopia-weather_end_year;cycles-0.9.4-alpha-advanced-ethiopia-weather_start_planting_day;cycles-0.9.4-alpha-advanced-ethiopia-weather_end_planting_day;cycles-0.9.4-alpha-advanced-ethiopia-weather_fertilizer_rate;cycles-0.9.4-alpha-advanced-ethiopia-weather_weed_fraction;cycles-0.9.4-alpha-advanced-ethiopia-weather_use_forcing,,cycles_grid,cycles_cfg_simple_TI,cycles_cfg_simple_CAG;cycles_cfg_complex_CAG,cycles_precipitation_process;cycles_solarradiation_process;cycles_management_process;cycles_transpiration_process;cycles_biomassgrowth_process;cycles_Nuptake_process;cycles_respiration_process;cycles_humification_process;cycles_Ntransport_process;cycles_Nmineralizationandimmobalization_process,mintproject/cycles:0.9.4-alpha,https://github.com/mintproject/MINT-WorkflowDomain/raw/master/WINGSWorkflowComponents/cycles-0.9.4-alpha/src/run,,https://github.com/mintproject/MINT-WorkflowDomain/blob/18cf8de2b117fad2a4ede6eb1a439b76ff241486/WINGSWorkflowComponents/cycles-0.9.4-alpha/cycles-0.9.4-alpha.zip?raw=true,,silva_rafael,,,,,,source_cycles-0.9.4-alpha,,agriculture; cycles; crop growth; weather;soil;crop management,,,,,,,,,cycles-0.9.4-alpha-advanced-ethiopia-weather_crop_name;cycles-0.9.4-alpha-advanced-ethiopia-weather_start_year;cycles-0.9.4-alpha-advanced-ethiopia-weather_end_year;cycles-0.9.4-alpha-advanced-ethiopia-weather_start_planting_day;cycles-0.9.4-alpha-advanced-ethiopia-weather_end_planting_day;cycles-0.9.4-alpha-advanced-ethiopia-weather_fertilizer_rate;cycles-0.9.4-alpha-advanced-ethiopia-weather_weed_fraction,,,Gambella,Expert-configured,,crop__seasonal_production_index
,,,,,,,,,,,,,,,,,,,,,,,,,,,,,,,,,,,,,,,,,,,
pihm-v4-southSudan,[Deprecated] PIHM++ v4 configuration (v4) calibrated for South Sudan (Pongo Region) with aggregated outputs,PIHM ++ configuration calibrated for South Sudan (Pongo Region) (v4),,,https://w3id.org/okn/o/sdm#Theory-GuidedModel;https://w3id.org/okn/o/sdm#ModelConfiguration,Hydrology,pihm_v4_weather_fixed;pihm_v4_elevation_fixed;pihm_v4_waterbed-delineation-shp_fixed;pihm_v4_waterbed-delineation-shx_fixed;pihm_v4_waterbed-delineation-dbf_fixed;pihm_v4_waterbed-delineation-prj_fixed;pihm_v4_stream-delineation-shp_fixed;pihm_v4_stream-delineation-shx_fixed;pihm_v4_stream-delineation-dbf_fixed;pihm_v4_stream-delineation-prj_fixed;pihm_v4_landuse_fixed;pihm_v4_soil_fixed,pihm_v4_targz,pihm_start-date_fixed;pihm_end-date_fixed;pihm_region-name_fixed;pihm_adjustment_temp_fixed;pihm_adjustment_precip_fixed,,pihm_grid_SS,pihm_cfg_TI_SS,,pihm_solarradiation_process;pihm_evaporation_process;pihm_transpiration_process;pihm_infiltration_process;pihm_runoff_process;pihm_precipitation_process,mintproject/pihm:v4,,,,,,,,,,,source_pihm_config_v4,,channel routing; surface overland flow; subsurface flow; interception; snow melt; evapotranspiration; semi-discrete approach,,,,,,,,,,,pihm_streamflow_ph,Pongo_Basin_SS,Expert-configured,,channel~stream_water__flow_duration_index
pihm-v4-southSudan-weather,[Deprecated] PIHM++ v4 configuration (v4) calibrated for South Sudan (Pongo Region) with aggregated outputs and customizable weather,PIHM ++ configuration calibrated for South Sudan (Pongo Region) (v4) with customizable weather and adjustment parameters,,,https://w3id.org/okn/o/sdm#Theory-GuidedModel;https://w3id.org/okn/o/sdm#ModelConfiguration,Hydrology,pihm_v4_weather;pihm_v4_elevation_fixed;pihm_v4_waterbed-delineation-shp_fixed;pihm_v4_waterbed-delineation-shx_fixed;pihm_v4_waterbed-delineation-dbf_fixed;pihm_v4_waterbed-delineation-prj_fixed;pihm_v4_stream-delineation-shp_fixed;pihm_v4_stream-delineation-shx_fixed;pihm_v4_stream-delineation-dbf_fixed;pihm_v4_stream-delineation-prj_fixed;pihm_v4_landuse_fixed;pihm_v4_soil_fixed,pihm_v4_targz,pihm_start-date_fixed;pihm_end-date_fixed;pihm_region-name_fixed;pihm_adjustment_temp;pihm_adjustment_precip,,pihm_grid_SS,pihm_cfg_TI_SS,,pihm_solarradiation_process;pihm_evaporation_process;pihm_transpiration_process;pihm_infiltration_process;pihm_runoff_process;pihm_precipitation_process,mintproject/pihm:v4,,,,,,,,,,,source_pihm_config_v4,,channel routing; surface overland flow; subsurface flow; interception; snow melt; evapotranspiration; semi-discrete approach,,,,,,,,,pihm_adjustment_temp;pihm_adjustment_precip,,pihm_streamflow_ph,Pongo_Basin_SS,Expert-configured,,channel~stream_water__flow_duration_index
pihm-v4.1.0-southSudan,PIHM++ v4 configuration (v4) calibrated for South Sudan (Pongo Region) with FLDAS data,"""PIHM ++ configuration calibrated for South Sudan (Pongo Region) with FLDAS data. """,,"""There are 2 kinds of expert perturbation for parameters. The first is multiplicative to the parameter field as a fraction, for variables like precipitation (e.g., 0.9 <1< 1.1).  The second is additive to the field -2<0<+2. The additive case is for variables like temperature (e.g., 2 degrees greater or 2 degrees less). Note: Due to the size of data, this setup may be slow to run."" ",https://w3id.org/okn/o/sdm#Theory-GuidedModel;https://w3id.org/okn/o/sdm#ModelConfiguration,Hydrology,pihm-v4.1.0-southSudan_pihm-input,pihm-v4.1.0-southSudan_pihm-output,pihm-v4.1.0-southSudan_start-date;pihm-v4.1.0-southSudan_end-date;pihm-v4.1.0-southSudan_region-name;pihm-v4.1.0-southSudan_TS_PRCP;pihm-v4.1.0-southSudan_TS_SFCTMP;pihm-v4.1.0-southSudan_ET_ETP;pihm-v4.1.0-southSudan_SOIL_KINF;pihm-v4.1.0-southSudan_SOIL_KMACSATV;pihm-v4.1.0-southSudan_SOIL_ALPHA;pihm-v4.1.0-southSudan_SOIL_BETA;pihm-v4.1.0-southSudan_GEOL_KMACSATH;pihm-v4.1.0-southSudan_GEOL_DMAC;pihm-v4.1.0-southSudan_GEOL_THETAS;pihm-v4.1.0-southSudan_LC_VEGFRAC;pihm-v4.1.0-southSudan_LC_DROOT;pihm-v4.1.0-southSudan_GEOL_KSATH;pihm-v4.1.0-southSudan_GEOL_KSATV;pihm-v4.1.0-southSudan_GEOL_MACVF;pihm-v4.1.0-southSudan_GEOL_THETAR;pihm-v4.1.0-southSudan_SOIL_DINF;pihm-v4.1.0-southSudan_SOIL_MACHF;pihm-v4.1.0-southSudan_LC_ALBEDO;pihm-v4.1.0-southSudan_LC_ROUGH;pihm-v4.1.0-southSudan_LC_ISMAX;pihm-v4.1.0-southSudan_LC_IMPAF;pihm-v4.1.0-southSudan_LC_SOILDGD;pihm-v4.1.0-southSudan_TS_LAI;pihm-v4.1.0-southSudan_ET_IC;pihm-v4.1.0-southSudan_ET_TR;pihm-v4.1.0-southSudan_ET_SOIL;pihm-v4.1.0-southSudan_RIV_ROUGH;pihm-v4.1.0-southSudan_RIV_KH;pihm-v4.1.0-southSudan_RIV_SINU;pihm-v4.1.0-southSudan_RIV_CWR;pihm-v4.1.0-southSudan_RIV_BEDTHICK;pihm-v4.1.0-southSudan_RIV_BSLOPE;pihm-v4.1.0-southSudan_RIV_DPTH;pihm-v4.1.0-southSudan_RIV_WDTH;pihm-v4.1.0-southSudan_IC_GW;pihm-v4.1.0-southSudan_IC_RIV;pihm-v4.1.0-southSudan_AQ_DEPTH,,pihm_grid_SS,pihm_cfg_TI_SS,,pihm_solarradiation_process;pihm_evaporation_process;pihm_transpiration_process;pihm_infiltration_process;pihm_runoff_process;pihm_precipitation_process,mintproject/pihm:v4,https://github.com/mintproject/MINT-WorkflowDomain/raw/master/WINGSWorkflowComponents/pihm-4.1.0/src/run,,https://github.com/mintproject/MINT-WorkflowDomain/raw/master/WINGSWorkflowComponents/pihm-4.1.0/pihm-4.1.0.zip,,mayani_rajiv;garijo_daniel,,,,,,source_pihm_config_v4.1.0,,channel routing; surface overland flow; subsurface flow; interception; snow melt; evapotranspiration; semi-discrete approach,,,,,,,,,pihm-v4.1.0-southSudan_TS_PRCP;pihm-v4.1.0-southSudan_TS_SFCTMP;pihm-v4.1.0-southSudan_ET_ETP,,,Pongo_Basin_SS,Expert-configured,,channel~stream_water__flow_duration_index
pihm-v4.1.0-baro,PIHM++ v4 configuration (v4) for the Baro region in Ethiopia with 1 year of GLDAS data (2017),"""PIHM ++ configuration prepared for Ethiopia (Baro Region) with 1 year of GLDAS data (2017).""",,"""There are 2 kinds of expert perturbation for parameters. The first is multiplicative to the parameter field as a fraction, for variables like precipitation (e.g., 0.9 <1< 1.1).  The second is additive to the field -2<0<+2. The additive case is for variables like temperature (e.g., 2 degrees greater or 2 degrees less). Note: Due to the size of data, this setup may be slow to run."" ",https://w3id.org/okn/o/sdm#Theory-GuidedModel;https://w3id.org/okn/o/sdm#ModelConfiguration,Hydrology,pihm-v4.1.0-baro_pihm-input,pihm-v4.1.0-baro_pihm-output,pihm-v4.1.0-baro_start-date;pihm-v4.1.0-baro_end-date;pihm-v4.1.0-baro_region-name;pihm-v4.1.0-baro_TS_PRCP;pihm-v4.1.0-baro_TS_SFCTMP;pihm-v4.1.0-baro_ET_ETP;pihm-v4.1.0-baro_SOIL_KINF;pihm-v4.1.0-baro_SOIL_KMACSATV;pihm-v4.1.0-baro_SOIL_ALPHA;pihm-v4.1.0-baro_SOIL_BETA;pihm-v4.1.0-baro_GEOL_KMACSATH;pihm-v4.1.0-baro_GEOL_DMAC;pihm-v4.1.0-baro_GEOL_THETAS;pihm-v4.1.0-baro_LC_VEGFRAC;pihm-v4.1.0-baro_LC_DROOT;pihm-v4.1.0-baro_GEOL_KSATH;pihm-v4.1.0-baro_GEOL_KSATV;pihm-v4.1.0-baro_GEOL_MACVF;pihm-v4.1.0-baro_GEOL_THETAR;pihm-v4.1.0-baro_SOIL_DINF;pihm-v4.1.0-baro_SOIL_MACHF;pihm-v4.1.0-baro_LC_ALBEDO;pihm-v4.1.0-baro_LC_ROUGH;pihm-v4.1.0-baro_LC_ISMAX;pihm-v4.1.0-baro_LC_IMPAF;pihm-v4.1.0-baro_LC_SOILDGD;pihm-v4.1.0-baro_TS_LAI;pihm-v4.1.0-baro_ET_IC;pihm-v4.1.0-baro_ET_TR;pihm-v4.1.0-baro_ET_SOIL;pihm-v4.1.0-baro_RIV_ROUGH;pihm-v4.1.0-baro_RIV_KH;pihm-v4.1.0-baro_RIV_SINU;pihm-v4.1.0-baro_RIV_CWR;pihm-v4.1.0-baro_RIV_BEDTHICK;pihm-v4.1.0-baro_RIV_BSLOPE;pihm-v4.1.0-baro_RIV_DPTH;pihm-v4.1.0-baro_RIV_WDTH;pihm-v4.1.0-baro_IC_GW;pihm-v4.1.0-baro_IC_RIV;pihm-v4.1.0-baro_AQ_DEPTH,,pihm_grid_Ethiopia,pihm_cfg_TI_SS,,pihm_solarradiation_process;pihm_evaporation_process;pihm_transpiration_process;pihm_infiltration_process;pihm_runoff_process;pihm_precipitation_process,mintproject/pihm:v4,https://github.com/mintproject/MINT-WorkflowDomain/raw/master/WINGSWorkflowComponents/pihm-4.1.0/src/run,,https://github.com/mintproject/MINT-WorkflowDomain/raw/master/WINGSWorkflowComponents/pihm-4.1.0/pihm-4.1.0.zip,,mayani_rajiv;garijo_daniel,,,,,,source_pihm_config_v4.1.0,,channel routing; surface overland flow; subsurface flow; interception; snow melt; evapotranspiration; semi-discrete approach,,,,,,,,,pihm-v4.1.0-baro_TS_PRCP;pihm-v4.1.0-baro_TS_SFCTMP;pihm-v4.1.0-baro_ET_ETP,,,Baro,Expert-configured,,channel~stream_water__flow_duration_index
pihm-v4.1.0-baro-full,PIHM++ v4 configuration (v4) for the Baro region in Ethiopia with 18 year of GLDAS data (2000-2018),"""PIHM ++ configuration prepared for Ethiopia (Baro Region) with 18 years of GLDAS data (2000-2018).""",,"""There are 2 kinds of expert perturbation for parameters. The first is multiplicative to the parameter field as a fraction, for variables like precipitation (e.g., 0.9 <1< 1.1).  The second is additive to the field -2<0<+2. The additive case is for variables like temperature (e.g., 2 degrees greater or 2 degrees less). Note: Due to the size of data, this setup may be slow to run."" ",https://w3id.org/okn/o/sdm#Theory-GuidedModel;https://w3id.org/okn/o/sdm#ModelConfiguration,Hydrology,pihm-v4.1.0-baro-full_pihm-input,pihm-v4.1.0-baro-full_pihm-output,pihm-v4.1.0-baro-full_start-date;pihm-v4.1.0-baro-full_end-date;pihm-v4.1.0-baro-full_region-name;pihm-v4.1.0-baro-full_TS_PRCP;pihm-v4.1.0-baro-full_TS_SFCTMP;pihm-v4.1.0-baro-full_ET_ETP;pihm-v4.1.0-baro-full_SOIL_KINF;pihm-v4.1.0-baro-full_SOIL_KMACSATV;pihm-v4.1.0-baro-full_SOIL_ALPHA;pihm-v4.1.0-baro-full_SOIL_BETA;pihm-v4.1.0-baro-full_GEOL_KMACSATH;pihm-v4.1.0-baro-full_GEOL_DMAC;pihm-v4.1.0-baro-full_GEOL_THETAS;pihm-v4.1.0-baro-full_LC_VEGFRAC;pihm-v4.1.0-baro-full_LC_DROOT;pihm-v4.1.0-baro-full_GEOL_KSATH;pihm-v4.1.0-baro-full_GEOL_KSATV;pihm-v4.1.0-baro-full_GEOL_MACVF;pihm-v4.1.0-baro-full_GEOL_THETAR;pihm-v4.1.0-baro-full_SOIL_DINF;pihm-v4.1.0-baro-full_SOIL_MACHF;pihm-v4.1.0-baro-full_LC_ALBEDO;pihm-v4.1.0-baro-full_LC_ROUGH;pihm-v4.1.0-baro-full_LC_ISMAX;pihm-v4.1.0-baro-full_LC_IMPAF;pihm-v4.1.0-baro-full_LC_SOILDGD;pihm-v4.1.0-baro-full_TS_LAI;pihm-v4.1.0-baro-full_ET_IC;pihm-v4.1.0-baro-full_ET_TR;pihm-v4.1.0-baro-full_ET_SOIL;pihm-v4.1.0-baro-full_RIV_ROUGH;pihm-v4.1.0-baro-full_RIV_KH;pihm-v4.1.0-baro-full_RIV_SINU;pihm-v4.1.0-baro-full_RIV_CWR;pihm-v4.1.0-baro-full_RIV_BEDTHICK;pihm-v4.1.0-baro-full_RIV_BSLOPE;pihm-v4.1.0-baro-full_RIV_DPTH;pihm-v4.1.0-baro-full_RIV_WDTH;pihm-v4.1.0-baro-full_IC_GW;pihm-v4.1.0-baro-full_IC_RIV;pihm-v4.1.0-baro-full_AQ_DEPTH,,pihm_grid_Ethiopia,pihm_cfg_TI_SS,,pihm_solarradiation_process;pihm_evaporation_process;pihm_transpiration_process;pihm_infiltration_process;pihm_runoff_process;pihm_precipitation_process,mintproject/pihm:v4,https://github.com/mintproject/MINT-WorkflowDomain/raw/master/WINGSWorkflowComponents/pihm-4.1.0/src/run,,https://github.com/mintproject/MINT-WorkflowDomain/raw/master/WINGSWorkflowComponents/pihm-4.1.0/pihm-4.1.0.zip,,mayani_rajiv;garijo_daniel,,,,,,source_pihm_config_v4.1.0,,channel routing; surface overland flow; subsurface flow; interception; snow melt; evapotranspiration; semi-discrete approach,,,,,,,,,pihm-v4.1.0-baro-full_TS_PRCP;pihm-v4.1.0-baro-full_TS_SFCTMP;pihm-v4.1.0-baro-full_ET_ETP,,,Baro,Expert-configured,,channel~stream_water__flow_duration_index
pihm-v4.1.0-bashilo,PIHM++ v4 configuration (v4) for the Bashilo region in Ethiopia with 1 year of GLDAS data (2017),"""PIHM ++ configuration prepared for Ethiopia (Bashilo Region) with 1 year of GLDAS data (2017).""",,"""There are 2 kinds of expert perturbation for parameters. The first is multiplicative to the parameter field as a fraction, for variables like precipitation (e.g., 0.9 <1< 1.1).  The second is additive to the field -2<0<+2. The additive case is for variables like temperature (e.g., 2 degrees greater or 2 degrees less). Note: Due to the size of data, this setup may be slow to run."" ",https://w3id.org/okn/o/sdm#Theory-GuidedModel;https://w3id.org/okn/o/sdm#ModelConfiguration,Hydrology,pihm-v4.1.0-bashilo_pihm-input,pihm-v4.1.0-bashilo_pihm-output,pihm-v4.1.0-bashilo_start-date;pihm-v4.1.0-bashilo_end-date;pihm-v4.1.0-bashilo_region-name;pihm-v4.1.0-bashilo_TS_PRCP;pihm-v4.1.0-bashilo_TS_SFCTMP;pihm-v4.1.0-bashilo_ET_ETP;pihm-v4.1.0-bashilo_SOIL_KINF;pihm-v4.1.0-bashilo_SOIL_KMACSATV;pihm-v4.1.0-bashilo_SOIL_ALPHA;pihm-v4.1.0-bashilo_SOIL_BETA;pihm-v4.1.0-bashilo_GEOL_KMACSATH;pihm-v4.1.0-bashilo_GEOL_DMAC;pihm-v4.1.0-bashilo_GEOL_THETAS;pihm-v4.1.0-bashilo_LC_VEGFRAC;pihm-v4.1.0-bashilo_LC_DROOT;pihm-v4.1.0-bashilo_GEOL_KSATH;pihm-v4.1.0-bashilo_GEOL_KSATV;pihm-v4.1.0-bashilo_GEOL_MACVF;pihm-v4.1.0-bashilo_GEOL_THETAR;pihm-v4.1.0-bashilo_SOIL_DINF;pihm-v4.1.0-bashilo_SOIL_MACHF;pihm-v4.1.0-bashilo_LC_ALBEDO;pihm-v4.1.0-bashilo_LC_ROUGH;pihm-v4.1.0-bashilo_LC_ISMAX;pihm-v4.1.0-bashilo_LC_IMPAF;pihm-v4.1.0-bashilo_LC_SOILDGD;pihm-v4.1.0-bashilo_TS_LAI;pihm-v4.1.0-bashilo_ET_IC;pihm-v4.1.0-bashilo_ET_TR;pihm-v4.1.0-bashilo_ET_SOIL;pihm-v4.1.0-bashilo_RIV_ROUGH;pihm-v4.1.0-bashilo_RIV_KH;pihm-v4.1.0-bashilo_RIV_SINU;pihm-v4.1.0-bashilo_RIV_CWR;pihm-v4.1.0-bashilo_RIV_BEDTHICK;pihm-v4.1.0-bashilo_RIV_BSLOPE;pihm-v4.1.0-bashilo_RIV_DPTH;pihm-v4.1.0-bashilo_RIV_WDTH;pihm-v4.1.0-bashilo_IC_GW;pihm-v4.1.0-bashilo_IC_RIV;pihm-v4.1.0-bashilo_AQ_DEPTH,,pihm_grid_Ethiopia,pihm_cfg_TI_SS,,pihm_solarradiation_process;pihm_evaporation_process;pihm_transpiration_process;pihm_infiltration_process;pihm_runoff_process;pihm_precipitation_process,mintproject/pihm:v4,https://github.com/mintproject/MINT-WorkflowDomain/raw/master/WINGSWorkflowComponents/pihm-4.1.0/src/run,,https://github.com/mintproject/MINT-WorkflowDomain/raw/master/WINGSWorkflowComponents/pihm-4.1.0/pihm-4.1.0.zip,,mayani_rajiv;garijo_daniel,,,,,,source_pihm_config_v4.1.0,,channel routing; surface overland flow; subsurface flow; interception; snow melt; evapotranspiration; semi-discrete approach,,,,,,,,,pihm-v4.1.0-bashilo_TS_PRCP;pihm-v4.1.0-bashilo_TS_SFCTMP;pihm-v4.1.0-bashilo_ET_ETP,,,Bashilo,Expert-configured,,channel~stream_water__flow_duration_index
pihm-v4.1.0-muger,PIHM++ v4 configuration (v4) for the Muger region in Ethiopia with 1 year of GLDAS data (2017),"""PIHM ++ configuration prepared for Ethiopia (Muger Region) with 1 year of GLDAS data (2017).""",,"""There are 2 kinds of expert perturbation for parameters. The first is multiplicative to the parameter field as a fraction, for variables like precipitation (e.g., 0.9 <1< 1.1).  The second is additive to the field -2<0<+2. The additive case is for variables like temperature (e.g., 2 degrees greater or 2 degrees less). Note: Due to the size of data, this setup may be slow to run."" ",https://w3id.org/okn/o/sdm#Theory-GuidedModel;https://w3id.org/okn/o/sdm#ModelConfiguration,Hydrology,pihm-v4.1.0-muger_pihm-input,pihm-v4.1.0-muger_pihm-output,pihm-v4.1.0-muger_start-date;pihm-v4.1.0-muger_end-date;pihm-v4.1.0-muger_region-name;pihm-v4.1.0-muger_TS_PRCP;pihm-v4.1.0-muger_TS_SFCTMP;pihm-v4.1.0-muger_ET_ETP;pihm-v4.1.0-muger_SOIL_KINF;pihm-v4.1.0-muger_SOIL_KMACSATV;pihm-v4.1.0-muger_SOIL_ALPHA;pihm-v4.1.0-muger_SOIL_BETA;pihm-v4.1.0-muger_GEOL_KMACSATH;pihm-v4.1.0-muger_GEOL_DMAC;pihm-v4.1.0-muger_GEOL_THETAS;pihm-v4.1.0-muger_LC_VEGFRAC;pihm-v4.1.0-muger_LC_DROOT;pihm-v4.1.0-muger_GEOL_KSATH;pihm-v4.1.0-muger_GEOL_KSATV;pihm-v4.1.0-muger_GEOL_MACVF;pihm-v4.1.0-muger_GEOL_THETAR;pihm-v4.1.0-muger_SOIL_DINF;pihm-v4.1.0-muger_SOIL_MACHF;pihm-v4.1.0-muger_LC_ALBEDO;pihm-v4.1.0-muger_LC_ROUGH;pihm-v4.1.0-muger_LC_ISMAX;pihm-v4.1.0-muger_LC_IMPAF;pihm-v4.1.0-muger_LC_SOILDGD;pihm-v4.1.0-muger_TS_LAI;pihm-v4.1.0-muger_ET_IC;pihm-v4.1.0-muger_ET_TR;pihm-v4.1.0-muger_ET_SOIL;pihm-v4.1.0-muger_RIV_ROUGH;pihm-v4.1.0-muger_RIV_KH;pihm-v4.1.0-muger_RIV_SINU;pihm-v4.1.0-muger_RIV_CWR;pihm-v4.1.0-muger_RIV_BEDTHICK;pihm-v4.1.0-muger_RIV_BSLOPE;pihm-v4.1.0-muger_RIV_DPTH;pihm-v4.1.0-muger_RIV_WDTH;pihm-v4.1.0-muger_IC_GW;pihm-v4.1.0-muger_IC_RIV;pihm-v4.1.0-muger_AQ_DEPTH,,pihm_grid_Ethiopia,pihm_cfg_TI_SS,,pihm_solarradiation_process;pihm_evaporation_process;pihm_transpiration_process;pihm_infiltration_process;pihm_runoff_process;pihm_precipitation_process,mintproject/pihm:v4,https://github.com/mintproject/MINT-WorkflowDomain/raw/master/WINGSWorkflowComponents/pihm-4.1.0/src/run,,https://github.com/mintproject/MINT-WorkflowDomain/raw/master/WINGSWorkflowComponents/pihm-4.1.0/pihm-4.1.0.zip,,mayani_rajiv;garijo_daniel,,,,,,source_pihm_config_v4.1.0,,channel routing; surface overland flow; subsurface flow; interception; snow melt; evapotranspiration; semi-discrete approach,,,,,,,,,pihm-v4.1.0-muger_TS_PRCP;pihm-v4.1.0-muger_TS_SFCTMP;pihm-v4.1.0-muger_ET_ETP,,,Muger,Expert-configured,,channel~stream_water__flow_duration_index
pihm-v4.1.0-jamma,PIHM++ v4 configuration (v4) prepared for the Jamma region in Ethiopia with 1 year of GLDAS data (2017),"""PIHM ++ configuration prepared for Ethiopia (Jamma Region) with 1 year of GLDAS data (2017).""",,"""There are 2 kinds of expert perturbation for parameters. The first is multiplicative to the parameter field as a fraction, for variables like precipitation (e.g., 0.9 <1< 1.1).  The second is additive to the field -2<0<+2. The additive case is for variables like temperature (e.g., 2 degrees greater or 2 degrees less). Note: Due to the size of data, this setup may be slow to run."" ",https://w3id.org/okn/o/sdm#Theory-GuidedModel;https://w3id.org/okn/o/sdm#ModelConfiguration,Hydrology,pihm-v4.1.0-jamma_pihm-input,pihm-v4.1.0-jamma_pihm-output,pihm-v4.1.0-jamma_start-date;pihm-v4.1.0-jamma_end-date;pihm-v4.1.0-jamma_region-name;pihm-v4.1.0-jamma_TS_PRCP;pihm-v4.1.0-jamma_TS_SFCTMP;pihm-v4.1.0-jamma_ET_ETP;pihm-v4.1.0-jamma_SOIL_KINF;pihm-v4.1.0-jamma_SOIL_KMACSATV;pihm-v4.1.0-jamma_SOIL_ALPHA;pihm-v4.1.0-jamma_SOIL_BETA;pihm-v4.1.0-jamma_GEOL_KMACSATH;pihm-v4.1.0-jamma_GEOL_DMAC;pihm-v4.1.0-jamma_GEOL_THETAS;pihm-v4.1.0-jamma_LC_VEGFRAC;pihm-v4.1.0-jamma_LC_DROOT;pihm-v4.1.0-jamma_GEOL_KSATH;pihm-v4.1.0-jamma_GEOL_KSATV;pihm-v4.1.0-jamma_GEOL_MACVF;pihm-v4.1.0-jamma_GEOL_THETAR;pihm-v4.1.0-jamma_SOIL_DINF;pihm-v4.1.0-jamma_SOIL_MACHF;pihm-v4.1.0-jamma_LC_ALBEDO;pihm-v4.1.0-jamma_LC_ROUGH;pihm-v4.1.0-jamma_LC_ISMAX;pihm-v4.1.0-jamma_LC_IMPAF;pihm-v4.1.0-jamma_LC_SOILDGD;pihm-v4.1.0-jamma_TS_LAI;pihm-v4.1.0-jamma_ET_IC;pihm-v4.1.0-jamma_ET_TR;pihm-v4.1.0-jamma_ET_SOIL;pihm-v4.1.0-jamma_RIV_ROUGH;pihm-v4.1.0-jamma_RIV_KH;pihm-v4.1.0-jamma_RIV_SINU;pihm-v4.1.0-jamma_RIV_CWR;pihm-v4.1.0-jamma_RIV_BEDTHICK;pihm-v4.1.0-jamma_RIV_BSLOPE;pihm-v4.1.0-jamma_RIV_DPTH;pihm-v4.1.0-jamma_RIV_WDTH;pihm-v4.1.0-jamma_IC_GW;pihm-v4.1.0-jamma_IC_RIV;pihm-v4.1.0-jamma_AQ_DEPTH,,pihm_grid_Ethiopia,pihm_cfg_TI_SS,,pihm_solarradiation_process;pihm_evaporation_process;pihm_transpiration_process;pihm_infiltration_process;pihm_runoff_process;pihm_precipitation_process,mintproject/pihm:v4,https://github.com/mintproject/MINT-WorkflowDomain/raw/master/WINGSWorkflowComponents/pihm-4.1.0/src/run,,https://github.com/mintproject/MINT-WorkflowDomain/raw/master/WINGSWorkflowComponents/pihm-4.1.0/pihm-4.1.0.zip,,mayani_rajiv;garijo_daniel,,,,,,source_pihm_config_v4.1.0,,channel routing; surface overland flow; subsurface flow; interception; snow melt; evapotranspiration; semi-discrete approach,,,,,,,,,pihm-v4.1.0-jamma_TS_PRCP;pihm-v4.1.0-jamma_TS_SFCTMP;pihm-v4.1.0-jamma_ET_ETP,,,Jamma,Expert-configured,,channel~stream_water__flow_duration_index
pihm-v4.1.0-guder,PIHM++ v4 configuration (v4) for the Guder region in Ethiopia with 1 year of GLDAS data (2017),"""PIHM ++ configuration prepared for Ethiopia (Guder Region)with 1 year of GLDAS data (2017).""",,"""There are 2 kinds of expert perturbation for parameters. The first is multiplicative to the parameter field as a fraction, for variables like precipitation (e.g., 0.9 <1< 1.1).  The second is additive to the field -2<0<+2. The additive case is for variables like temperature (e.g., 2 degrees greater or 2 degrees less). Note: Due to the size of data, this setup may be slow to run."" ",https://w3id.org/okn/o/sdm#Theory-GuidedModel;https://w3id.org/okn/o/sdm#ModelConfiguration,Hydrology,pihm-v4.1.0-guder_pihm-input,pihm-v4.1.0-guder_pihm-output,pihm-v4.1.0-guder_start-date;pihm-v4.1.0-guder_end-date;pihm-v4.1.0-guder_region-name;pihm-v4.1.0-guder_TS_PRCP;pihm-v4.1.0-guder_TS_SFCTMP;pihm-v4.1.0-guder_ET_ETP;pihm-v4.1.0-guder_SOIL_KINF;pihm-v4.1.0-guder_SOIL_KMACSATV;pihm-v4.1.0-guder_SOIL_ALPHA;pihm-v4.1.0-guder_SOIL_BETA;pihm-v4.1.0-guder_GEOL_KMACSATH;pihm-v4.1.0-guder_GEOL_DMAC;pihm-v4.1.0-guder_GEOL_THETAS;pihm-v4.1.0-guder_LC_VEGFRAC;pihm-v4.1.0-guder_LC_DROOT;pihm-v4.1.0-guder_GEOL_KSATH;pihm-v4.1.0-guder_GEOL_KSATV;pihm-v4.1.0-guder_GEOL_MACVF;pihm-v4.1.0-guder_GEOL_THETAR;pihm-v4.1.0-guder_SOIL_DINF;pihm-v4.1.0-guder_SOIL_MACHF;pihm-v4.1.0-guder_LC_ALBEDO;pihm-v4.1.0-guder_LC_ROUGH;pihm-v4.1.0-guder_LC_ISMAX;pihm-v4.1.0-guder_LC_IMPAF;pihm-v4.1.0-guder_LC_SOILDGD;pihm-v4.1.0-guder_TS_LAI;pihm-v4.1.0-guder_ET_IC;pihm-v4.1.0-guder_ET_TR;pihm-v4.1.0-guder_ET_SOIL;pihm-v4.1.0-guder_RIV_ROUGH;pihm-v4.1.0-guder_RIV_KH;pihm-v4.1.0-guder_RIV_SINU;pihm-v4.1.0-guder_RIV_CWR;pihm-v4.1.0-guder_RIV_BEDTHICK;pihm-v4.1.0-guder_RIV_BSLOPE;pihm-v4.1.0-guder_RIV_DPTH;pihm-v4.1.0-guder_RIV_WDTH;pihm-v4.1.0-guder_IC_GW;pihm-v4.1.0-guder_IC_RIV;pihm-v4.1.0-guder_AQ_DEPTH,,pihm_grid_Ethiopia,pihm_cfg_TI_SS,,pihm_solarradiation_process;pihm_evaporation_process;pihm_transpiration_process;pihm_infiltration_process;pihm_runoff_process;pihm_precipitation_process,mintproject/pihm:v4,https://github.com/mintproject/MINT-WorkflowDomain/raw/master/WINGSWorkflowComponents/pihm-4.1.0/src/run,,https://github.com/mintproject/MINT-WorkflowDomain/raw/master/WINGSWorkflowComponents/pihm-4.1.0/pihm-4.1.0.zip,,mayani_rajiv;garijo_daniel,,,,,,source_pihm_config_v4.1.0,,channel routing; surface overland flow; subsurface flow; interception; snow melt; evapotranspiration; semi-discrete approach,,,,,,,,,pihm-v4.1.0-guder_TS_PRCP;pihm-v4.1.0-guder_TS_SFCTMP;pihm-v4.1.0-guder_ET_ETP,,,Guder,Expert-configured,,channel~stream_water__flow_duration_index
pihm-v4.1.0-beko-tippi,PIHM++ v4 configuration (v4) for the Beko-Tippi region in Ethiopia with 1 year of GLDAS data (2017),"""PIHM ++ configuration prepared for Ethiopia (Beko-Tippi Region) with 1 year of GLDAS data (2017).""",,"""There are 2 kinds of expert perturbation for parameters. The first is multiplicative to the parameter field as a fraction, for variables like precipitation (e.g., 0.9 <1< 1.1).  The second is additive to the field -2<0<+2. The additive case is for variables like temperature (e.g., 2 degrees greater or 2 degrees less). Note: Due to the size of data, this setup may be slow to run."" ",https://w3id.org/okn/o/sdm#Theory-GuidedModel;https://w3id.org/okn/o/sdm#ModelConfiguration,Hydrology,pihm-v4.1.0-beko-tippi_pihm-input,pihm-v4.1.0-beko-tippi_pihm-output,pihm-v4.1.0-beko-tippi_start-date;pihm-v4.1.0-beko-tippi_end-date;pihm-v4.1.0-beko-tippi_region-name;pihm-v4.1.0-beko-tippi_TS_PRCP;pihm-v4.1.0-beko-tippi_TS_SFCTMP;pihm-v4.1.0-beko-tippi_ET_ETP;pihm-v4.1.0-beko-tippi_SOIL_KINF;pihm-v4.1.0-beko-tippi_SOIL_KMACSATV;pihm-v4.1.0-beko-tippi_SOIL_ALPHA;pihm-v4.1.0-beko-tippi_SOIL_BETA;pihm-v4.1.0-beko-tippi_GEOL_KMACSATH;pihm-v4.1.0-beko-tippi_GEOL_DMAC;pihm-v4.1.0-beko-tippi_GEOL_THETAS;pihm-v4.1.0-beko-tippi_LC_VEGFRAC;pihm-v4.1.0-beko-tippi_LC_DROOT;pihm-v4.1.0-beko-tippi_GEOL_KSATH;pihm-v4.1.0-beko-tippi_GEOL_KSATV;pihm-v4.1.0-beko-tippi_GEOL_MACVF;pihm-v4.1.0-beko-tippi_GEOL_THETAR;pihm-v4.1.0-beko-tippi_SOIL_DINF;pihm-v4.1.0-beko-tippi_SOIL_MACHF;pihm-v4.1.0-beko-tippi_LC_ALBEDO;pihm-v4.1.0-beko-tippi_LC_ROUGH;pihm-v4.1.0-beko-tippi_LC_ISMAX;pihm-v4.1.0-beko-tippi_LC_IMPAF;pihm-v4.1.0-beko-tippi_LC_SOILDGD;pihm-v4.1.0-beko-tippi_TS_LAI;pihm-v4.1.0-beko-tippi_ET_IC;pihm-v4.1.0-beko-tippi_ET_TR;pihm-v4.1.0-beko-tippi_ET_SOIL;pihm-v4.1.0-beko-tippi_RIV_ROUGH;pihm-v4.1.0-beko-tippi_RIV_KH;pihm-v4.1.0-beko-tippi_RIV_SINU;pihm-v4.1.0-beko-tippi_RIV_CWR;pihm-v4.1.0-beko-tippi_RIV_BEDTHICK;pihm-v4.1.0-beko-tippi_RIV_BSLOPE;pihm-v4.1.0-beko-tippi_RIV_DPTH;pihm-v4.1.0-beko-tippi_RIV_WDTH;pihm-v4.1.0-beko-tippi_IC_GW;pihm-v4.1.0-beko-tippi_IC_RIV;pihm-v4.1.0-beko-tippi_AQ_DEPTH,,pihm_grid_Ethiopia,pihm_cfg_TI_SS,,pihm_solarradiation_process;pihm_evaporation_process;pihm_transpiration_process;pihm_infiltration_process;pihm_runoff_process;pihm_precipitation_process,mintproject/pihm:v4,https://github.com/mintproject/MINT-WorkflowDomain/raw/master/WINGSWorkflowComponents/pihm-4.1.0/src/run,,https://github.com/mintproject/MINT-WorkflowDomain/raw/master/WINGSWorkflowComponents/pihm-4.1.0/pihm-4.1.0.zip,,mayani_rajiv;garijo_daniel,,,,,,source_pihm_config_v4.1.0,,channel routing; surface overland flow; subsurface flow; interception; snow melt; evapotranspiration; semi-discrete approach,,,,,,,,,pihm-v4.1.0-beko-tippi_TS_PRCP;pihm-v4.1.0-beko-tippi_TS_SFCTMP;pihm-v4.1.0-beko-tippi_ET_ETP,,,Beko-Tippi,Expert-configured,,channel~stream_water__flow_duration_index
,,,,,,,,,,,,,,,,,,,,,,,,,,,,,,,,,,,,,,,,,,,
topoflow_cfg_simple_Baro,TopoFlow calibrated model for the Baro region in Ethiopia,A basic configuration of the TopoFlow model calibrated for the region of Baro in Ethiopia with a default precipitation file,,,https://w3id.org/okn/o/sdm#Theory-GuidedModel;https://w3id.org/okn/o/sdm#ModelConfiguration,Hydrology,topoflow_cfg_simple_Baro_aggregatedInput;topoflow_cfg_simple_Baro_rainRates,topoflow_cfg_simple_Baro_aggregatedOutput,,,topoflow_grid_Baro,topoflow_cfg_simple_TI,,,mintproject/topoflow:viz_v2,https://github.com/mintproject/MINT-WorkflowDomain/raw/master/WINGSWorkflowComponents/topoflow-3.6.0-precipitation-viz/src/run,,https://github.com/mintproject/MINT-WorkflowDomain/raw/master/WINGSWorkflowComponents/topoflow-3.6.0-precipitation-viz/topoflow-3.6.0-precipitation-viz.zip,,osorio_maximiliano,,,,,,source_topoflow36,,snowmelt;precipitation;evapotranspiration;infiltration;channel/overland flow;shallow subsurface flow;flow diversions,,,,,,,,,,,,Baro,Expert-configured,,downstream_volume_flow_rate
topoflow_cfg_advanced_Baro,TopoFlow calibrated model for the Baro region in Ethiopia with configurable precipitation rates,A configuration of the TopoFlow model calibrated for the region of Baro in Ethiopia with configurable precipitation rates file,,,https://w3id.org/okn/o/sdm#Theory-GuidedModel;https://w3id.org/okn/o/sdm#ModelConfiguration,Hydrology,topoflow_cfg_advanced_Baro_aggregatedInput;topoflow_cfg_advanced_Baro_rainRates,topoflow_cfg_advanced_Baro_aggregatedOutput,,,topoflow_grid_Baro,topoflow_cfg_simple_TI,,,mintproject/topoflow:viz_v2,https://github.com/mintproject/MINT-WorkflowDomain/raw/master/WINGSWorkflowComponents/topoflow-3.6.0-precipitation-viz/src/run,,https://github.com/mintproject/MINT-WorkflowDomain/raw/master/WINGSWorkflowComponents/topoflow-3.6.0-precipitation-viz/topoflow-3.6.0-precipitation-viz.zip,,osorio_maximiliano,,,,,,source_topoflow36,,snowmelt;precipitation;evapotranspiration;infiltration;channel/overland flow;shallow subsurface flow;flow diversions,,,,,,,,,,,,Baro,Expert-configured,,downstream_volume_flow_rate
topoflow_cfg_simple_Muger,TopoFlow calibrated model for the Muger region in Ethiopia,A basic configuration of the TopoFlow model calibrated for the Muger region in Ethiopia with a default precipitation file for 2008,,,https://w3id.org/okn/o/sdm#Theory-GuidedModel;https://w3id.org/okn/o/sdm#ModelConfiguration,Hydrology,topoflow_cfg_simple_Muger_aggregatedInput;topoflow_cfg_simple_Muger_rainRates,topoflow_cfg_simple_Muger_aggregatedOutput,,,topoflow_grid_Baro,topoflow_cfg_simple_TI,,,mintproject/topoflow:viz_v2,https://github.com/mintproject/MINT-WorkflowDomain/raw/master/WINGSWorkflowComponents/topoflow-3.6.0-precipitation-viz/src/run,,https://github.com/mintproject/MINT-WorkflowDomain/raw/master/WINGSWorkflowComponents/topoflow-3.6.0-precipitation-viz/topoflow-3.6.0-precipitation-viz.zip,,osorio_maximiliano,,,,,,source_topoflow36,,snowmelt;precipitation;evapotranspiration;infiltration;channel/overland flow;shallow subsurface flow;flow diversions,,,,,,,,,,,,Muger,Expert-configured,,downstream_volume_flow_rate
topoflow_cfg_simple_Awash,TopoFlow calibrated model for the Awash region in Ethiopia,A basic configuration of the TopoFlow model calibrated for the Awash region in Ethiopia with a default precipitation file for 2008,,,https://w3id.org/okn/o/sdm#Theory-GuidedModel;https://w3id.org/okn/o/sdm#ModelConfiguration,Hydrology,topoflow_cfg_simple_Awash_aggregatedInput;topoflow_cfg_simple_Awash_rainRates,topoflow_cfg_simple_Awash_aggregatedOutput,,,topoflow_grid_Baro,topoflow_cfg_simple_TI,,,mintproject/topoflow:viz_v2,https://github.com/mintproject/MINT-WorkflowDomain/raw/master/WINGSWorkflowComponents/topoflow-3.6.0-precipitation-viz/src/run,,https://github.com/mintproject/MINT-WorkflowDomain/raw/master/WINGSWorkflowComponents/topoflow-3.6.0-precipitation-viz/topoflow-3.6.0-precipitation-viz.zip,,osorio_maximiliano,,,,,,source_topoflow36,,snowmelt;precipitation;evapotranspiration;infiltration;channel/overland flow;shallow subsurface flow;flow diversions,,,,,,,,,,,,Awash,Expert-configured,,downstream_volume_flow_rate
topoflow_cfg_simple_Ganale,TopoFlow calibrated model for the Ganale region in Ethiopia,A basic configuration of the TopoFlow model calibrated for the Ganaler region in Ethiopia with a default precipitation file for 2008,,,https://w3id.org/okn/o/sdm#Theory-GuidedModel;https://w3id.org/okn/o/sdm#ModelConfiguration,Hydrology,topoflow_cfg_simple_Ganale_aggregatedInput;topoflow_cfg_simple_Ganale_rainRates,topoflow_cfg_simple_Ganale_aggregatedOutput,,,topoflow_grid_Baro,topoflow_cfg_simple_TI,,,mintproject/topoflow:viz_v2,https://github.com/mintproject/MINT-WorkflowDomain/raw/master/WINGSWorkflowComponents/topoflow-3.6.0-precipitation-viz/src/run,,https://github.com/mintproject/MINT-WorkflowDomain/raw/master/WINGSWorkflowComponents/topoflow-3.6.0-precipitation-viz/topoflow-3.6.0-precipitation-viz.zip,,osorio_maximiliano,,,,,,source_topoflow36,,snowmelt;precipitation;evapotranspiration;infiltration;channel/overland flow;shallow subsurface flow;flow diversions,,,,,,,,,,,,Ganale,Expert-configured,,downstream_volume_flow_rate
topoflow_cfg_simple_Guder,TopoFlow calibrated model for the Guder region in Ethiopia,A basic configuration of the TopoFlow model calibrated for the Guder region in Ethiopia with a default precipitation file for 2008,,,https://w3id.org/okn/o/sdm#Theory-GuidedModel;https://w3id.org/okn/o/sdm#ModelConfiguration,Hydrology,topoflow_cfg_simple_Guder_aggregatedInput;topoflow_cfg_simple_Guder_rainRates,topoflow_cfg_simple_Guder_aggregatedOutput,,,topoflow_grid_Baro,topoflow_cfg_simple_TI,,,mintproject/topoflow:viz_v2,https://github.com/mintproject/MINT-WorkflowDomain/raw/master/WINGSWorkflowComponents/topoflow-3.6.0-precipitation-viz/src/run,,https://github.com/mintproject/MINT-WorkflowDomain/raw/master/WINGSWorkflowComponents/topoflow-3.6.0-precipitation-viz/topoflow-3.6.0-precipitation-viz.zip,,osorio_maximiliano,,,,,,source_topoflow36,,snowmelt;precipitation;evapotranspiration;infiltration;channel/overland flow;shallow subsurface flow;flow diversions,,,,,,,,,,,,Guder,Expert-configured,,downstream_volume_flow_rate
topoflow_cfg_simple_Shebelle,TopoFlow calibrated model for the Shebelle region in Ethiopia,A basic configuration of the TopoFlow model calibrated for the Shebelle region in Ethiopia with a default precipitation file for 2008,,,https://w3id.org/okn/o/sdm#Theory-GuidedModel;https://w3id.org/okn/o/sdm#ModelConfiguration,Hydrology,topoflow_cfg_simple_Shebelle_aggregatedInput;topoflow_cfg_simple_Shebelle_rainRates,topoflow_cfg_simple_Shebelle_aggregatedOutput,,,topoflow_grid_Baro,topoflow_cfg_simple_TI,,,mintproject/topoflow:viz_v2,https://github.com/mintproject/MINT-WorkflowDomain/raw/master/WINGSWorkflowComponents/topoflow-3.6.0-precipitation-viz/src/run,,https://github.com/mintproject/MINT-WorkflowDomain/raw/master/WINGSWorkflowComponents/topoflow-3.6.0-precipitation-viz/topoflow-3.6.0-precipitation-viz.zip,,osorio_maximiliano,,,,,,source_topoflow36,,snowmelt;precipitation;evapotranspiration;infiltration;channel/overland flow;shallow subsurface flow;flow diversions,,,,,,,,,,,,Shebelle,Expert-configured,,downstream_volume_flow_rate
,,,,,,,,,,,,,,,,,,,,,,,,,,,,,,,,,,,,,,,,,,,
modflow_2005_BartonSprings_avg,MODFLOW 2005 calibrated model for the Barton Springs region. Files for average conditions have been pre-selected ,"The Barton Springs groundwater model completed in 2001 by Scanlon with others was constructed to match water levels and spring flow from a period of wetter than normal rainfall conditions. An assessment of the model post completion revealed that it overestimates spring flow and underpredicts water-level elevations generally, but it does capture general aquifer behaviors and response.",,,https://w3id.org/okn/o/sdm#Theory-GuidedModel;https://w3id.org/okn/o/sdm#ModelConfiguration,Hydrology,modflow_2005_BartonSprings_avg_Hfb;modflow_2005_BartonSprings_avg_Oc;modflow_2005_BartonSprings_avg_Sip;modflow_2005_BartonSprings_avg_Bcf;modflow_2005_BartonSprings_avg_Rech;modflow_2005_BartonSprings_avg_Bas;modflow_2005_BartonSprings_avg_Well;modflow_2005_BartonSprings_avg_Drn;modflow_2005_BartonSprings_avg_Dis,modflow_2005_BartonSprings_avg_cbb;modflow_2005_BartonSprings_avg_heads;modflow_2005_BartonSprings_avg_ddown;modflow_2005_BartonSprings_avg_list,,,modflow_grid_general,modflow_general_TI,,modflow_gwf,mintproject/modflow-2005:latest,https://github.com/mintproject/MINT-WorkflowDomain/raw/master/WINGSWorkflowComponents/MODFLOW2005/src/run,,https://github.com/mintproject/MINT-WorkflowDomain/raw/master/WINGSWorkflowComponents/MODFLOW2005/MODFLOW2005.zip,,garijo_daniel,,,,,,,,groundwater modeling; steady and nonsteady flow; areal recharge; evapotranspiration; flow to drains; flow through river beds,,,,,,,,,,,,Barton_Springs,Calibration,,
modflow_2005_BartonSprings_drought,MODFLOW 2005 calibrated model for the Barton Springs region on a drought season (files pre-selected),"In 2011 the Texas Water Development Board (TWDB) completed the recalibration of The Barton Springs segment of the Edwards (Balcones Fault Zone) Aquifer Groundwater Availability Model; following a request by Groundwater Management Area 10 to evaluate pumping that would result in specified spring flows. Measurements were taken at Barton Springs of 11, 9, 7, 5, 3 cubic-feet per second under drought-of-record conditions.",,,https://w3id.org/okn/o/sdm#Theory-GuidedModel;https://w3id.org/okn/o/sdm#ModelConfiguration,Hydrology,modflow_2005_BartonSprings_drought_Hfb;modflow_2005_BartonSprings_drought_Oc;modflow_2005_BartonSprings_drought_Sip;modflow_2005_BartonSprings_drought_Bcf;modflow_2005_BartonSprings_drought_Rech;modflow_2005_BartonSprings_drought_Bas;modflow_2005_BartonSprings_drought_Well;modflow_2005_BartonSprings_drought_Drn;modflow_2005_BartonSprings_drought_Dis,modflow_2005_BartonSprings_drought_cbb;modflow_2005_BartonSprings_drought_heads;modflow_2005_BartonSprings_drought_ddown;modflow_2005_BartonSprings_drought_list,,,modflow_grid_general,modflow_general_TI,,modflow_gwf,mintproject/modflow-2005:latest,https://github.com/mintproject/MINT-WorkflowDomain/raw/master/WINGSWorkflowComponents/MODFLOW2005/src/run,,https://github.com/mintproject/MINT-WorkflowDomain/raw/master/WINGSWorkflowComponents/MODFLOW2005/MODFLOW2005.zip,,garijo_daniel,,,,,,,,groundwater modeling; steady and nonsteady flow; areal recharge; evapotranspiration; flow to drains; flow through river beds,,,,,,,,,,,,Barton_Springs,Calibration,,
modflow_2005_BartonSprings_advanced,"""MODFLOW 2005 calibrated model for the Barton Springs region. Recharge can be customized (the rest of inputs are average conditions, pre-selected)""","""Configuration of MODFLOW 2005 for the Barton Springs region allowing selection of the recharge file""",,,https://w3id.org/okn/o/sdm#Theory-GuidedModel;https://w3id.org/okn/o/sdm#ModelConfiguration,Hydrology,modflow_2005_BartonSprings_advanced_Hfb;modflow_2005_BartonSprings_advanced_Oc;modflow_2005_BartonSprings_advanced_Sip;modflow_2005_BartonSprings_advanced_Bcf;modflow_2005_BartonSprings_advanced_Rech;modflow_2005_BartonSprings_advanced_Bas;modflow_2005_BartonSprings_advanced_Well;modflow_2005_BartonSprings_advanced_Drn;modflow_2005_BartonSprings_advanced_Dis,modflow_2005_BartonSprings_advanced_cbb;modflow_2005_BartonSprings_advanced_heads;modflow_2005_BartonSprings_advanced_ddown;modflow_2005_BartonSprings_advanced_list,,,modflow_grid_general,modflow_general_TI,,modflow_gwf,mintproject/modflow-2005:latest,https://github.com/mintproject/MINT-WorkflowDomain/raw/master/WINGSWorkflowComponents/MODFLOW2005/src/run,,https://github.com/mintproject/MINT-WorkflowDomain/raw/master/WINGSWorkflowComponents/MODFLOW2005/MODFLOW2005.zip,,garijo_daniel,,,,,,,,groundwater modeling; steady and nonsteady flow; areal recharge; evapotranspiration; flow to drains; flow through river beds,,,,,,,,,,,,Barton_Springs,Calibration,,
,,,,,,,,,,,,,,,,,,,,,,,,,,,,,,,,,,,,,,,,,,,
hand_v1_simple_texas,HAND model-simple configuration for the Texas region,"""Simple configuration of the HAND model for creating flood estimates of a region in Texas. The output is an image with the distance down representing the flooding impact.""",,,https://w3id.org/okn/o/sdm#EmpiricalModel;https://w3id.org/okn/o/sdm#ModelConfiguration,Hydrology,hand_v1_simple_texas_input_dem,hand_v1_simple_texas_distance_down;hand_v1_simple_texas_distance_down_image,hand_v1_simple_texas_threshold,,hand_grid_texas,,,,mintproject/hand:v2,https://github.com/mintproject/MINT-WorkflowDomain/raw/master/WINGSWorkflowComponents/HAND-2.0.0/src/run,,https://github.com/mintproject/MINT-WorkflowDomain/raw/master/WINGSWorkflowComponents/HAND-2.0.0/HAND-2.0.0.zip,,,,,,,,,,relative height;flow path;drainage network;gravitational potential;normalization of topography,,,,,,,,,,,,Texas,Expert-configured,,flooding_contour
hand_v1_simple_baro,HAND model-simple configuration for the Baro basin in Ethiopia,"""Simple configuration of the HAND model for creating flood estimates of the Baro region in Ethiopia The output is an image with the distance down representing the flooding impact.""",,,https://w3id.org/okn/o/sdm#EmpiricalModel;https://w3id.org/okn/o/sdm#ModelConfiguration,Hydrology,hand_v1_simple_baro_input_dem,hand_v1_simple_baro_distance_down;hand_v1_simple_baro_distance_down_image,hand_v1_simple_baro_threshold,,hand_grid_ethiopia,,,,mintproject/hand:v2,https://github.com/mintproject/MINT-WorkflowDomain/raw/master/WINGSWorkflowComponents/HAND-2.0.0/src/run,,https://github.com/mintproject/MINT-WorkflowDomain/raw/master/WINGSWorkflowComponents/HAND-2.0.0/HAND-2.0.0.zip,,,,,,,,,,relative height;flow path;drainage network;gravitational potential;normalization of topography,,,,,,,,,,,,Baro,Expert-configured,,flooding_contour
hand_v1_simple_bashilo,HAND model-simple configuration for the Bashilo basin in Ethiopia,"""Simple configuration of the HAND model for creating flood estimates of the Bashilo region in Ethiopia. The output is an image with the distance down representing the flooding impact.""",,,https://w3id.org/okn/o/sdm#EmpiricalModel;https://w3id.org/okn/o/sdm#ModelConfiguration,Hydrology,hand_v1_simple_bashilo_input_dem,hand_v1_simple_bashilo_distance_down;hand_v1_simple_bashilo_distance_down_image,hand_v1_simple_bashilo_threshold,,hand_grid_ethiopia,,,,mintproject/hand:v2,https://github.com/mintproject/MINT-WorkflowDomain/raw/master/WINGSWorkflowComponents/HAND-2.0.0/src/run,,https://github.com/mintproject/MINT-WorkflowDomain/raw/master/WINGSWorkflowComponents/HAND-2.0.0/HAND-2.0.0.zip,,,,,,,,,,relative height;flow path;drainage network;gravitational potential;normalization of topography,,,,,,,,,,,,Bashilo,Expert-configured,,flooding_contour
hand_v1_simple_muger,HAND model-simple configuration for the Muger basin in Ethiopia,"""Simple configuration of the HAND model for creating flood estimates of the Muger region in Ethiopia. The output is an image with the distance down representing the flooding impact.""",,,https://w3id.org/okn/o/sdm#EmpiricalModel;https://w3id.org/okn/o/sdm#ModelConfiguration,Hydrology,hand_v1_simple_muger_input_dem,hand_v1_simple_muger_distance_down;hand_v1_simple_muger_distance_down_image,hand_v1_simple_muger_threshold,,hand_grid_ethiopia,,,,mintproject/hand:v2,https://github.com/mintproject/MINT-WorkflowDomain/raw/master/WINGSWorkflowComponents/HAND-2.0.0/src/run,,https://github.com/mintproject/MINT-WorkflowDomain/raw/master/WINGSWorkflowComponents/HAND-2.0.0/HAND-2.0.0.zip,,,,,,,,,,relative height;flow path;drainage network;gravitational potential;normalization of topography,,,,,,,,,,,,Muger,Expert-configured,,flooding_contour
hand_v1_simple_jamma,HAND model-simple configuration for the Jamma basin in Ethiopia,"""Simple configuration of the HAND model for creating flood estimates of the Jamma region in Ethiopia The output is an image with the distance down representing the flooding impact.""",,,https://w3id.org/okn/o/sdm#EmpiricalModel;https://w3id.org/okn/o/sdm#ModelConfiguration,Hydrology,hand_v1_simple_jamma_input_dem,hand_v1_simple_jamma_distance_down;hand_v1_simple_jamma_distance_down_image,hand_v1_simple_jamma_threshold,,hand_grid_ethiopia,,,,mintproject/hand:v2,https://github.com/mintproject/MINT-WorkflowDomain/raw/master/WINGSWorkflowComponents/HAND-2.0.0/src/run,,https://github.com/mintproject/MINT-WorkflowDomain/raw/master/WINGSWorkflowComponents/HAND-2.0.0/HAND-2.0.0.zip,,,,,,,,,,relative height;flow path;drainage network;gravitational potential;normalization of topography,,,,,,,,,,,,Jamma,Expert-configured,,flooding_contour
hand_v1_simple_guder,HAND model-simple configuration for the Guder basin in Ethiopia,"""Simple configuration of the HAND model for creating flood estimates of the Guder region in Ethiopia. The output is an image with the distance down representing the flooding impact.""",,,https://w3id.org/okn/o/sdm#EmpiricalModel;https://w3id.org/okn/o/sdm#ModelConfiguration,Hydrology,hand_v1_simple_guder_input_dem,hand_v1_simple_guder_distance_down;hand_v1_simple_guder_distance_down_image,hand_v1_simple_guder_threshold,,hand_grid_ethiopia,,,,mintproject/hand:v2,https://github.com/mintproject/MINT-WorkflowDomain/raw/master/WINGSWorkflowComponents/HAND-2.0.0/src/run,,https://github.com/mintproject/MINT-WorkflowDomain/raw/master/WINGSWorkflowComponents/HAND-2.0.0/HAND-2.0.0.zip,,,,,,,,,,relative height;flow path;drainage network;gravitational potential;normalization of topography,,,,,,,,,,,,Guder,Expert-configured,,flooding_contour
hand_v1_simple_beko-tippi,HAND model-simple configuration for the Beko-Tippi basin in Ethiopia,"""Simple configuration of the HAND model for creating flood estimates of the Beko-Tippi region in Ethiopia. The output is an image with the distance down representing the flooding impact.""",,,https://w3id.org/okn/o/sdm#EmpiricalModel;https://w3id.org/okn/o/sdm#ModelConfiguration,Hydrology,hand_v1_simple_beko-tippi_input_dem,hand_v1_simple_beko-tippi_distance_down;hand_v1_simple_beko-tippi_distance_down_image,hand_v1_simple_beko-tippi_threshold,,hand_grid_ethiopia,,,,mintproject/hand:v2,https://github.com/mintproject/MINT-WorkflowDomain/raw/master/WINGSWorkflowComponents/HAND-2.0.0/src/run,,https://github.com/mintproject/MINT-WorkflowDomain/raw/master/WINGSWorkflowComponents/HAND-2.0.0/HAND-2.0.0.zip,,,,,,,,,,relative height;flow path;drainage network;gravitational potential;normalization of topography,,,,,,,,,,,,Beko-Tippi,Expert-configured,,flooding_contour
hand_v1_simple_awash,HAND model-simple configuration for the Awash basin in Ethiopia,"""Simple configuration of the HAND model for creating flood estimates of the Awash region in Ethiopia. The output is an image with the distance down representing the flooding impact.""",,,https://w3id.org/okn/o/sdm#EmpiricalModel;https://w3id.org/okn/o/sdm#ModelConfiguration,Hydrology,hand_v1_simple_awash_input_dem,hand_v1_simple_awash_distance_down;hand_v1_simple_awash_distance_down_image,hand_v1_simple_awash_threshold,,hand_grid_ethiopia,,,,mintproject/hand:v2,https://github.com/mintproject/MINT-WorkflowDomain/raw/master/WINGSWorkflowComponents/HAND-2.0.0/src/run,,https://github.com/mintproject/MINT-WorkflowDomain/raw/master/WINGSWorkflowComponents/HAND-2.0.0/HAND-2.0.0.zip,,,,,,,,,,relative height;flow path;drainage network;gravitational potential;normalization of topography,,,,,,,,,,,,Awash,Expert-configured,,flooding_contour
hand_v1_simple_ganale,HAND model-simple configuration for the Ganale basin in Ethiopia,"""Simple configuration of the HAND model for creating flood estimates of the Ganale region in Ethiopia. The output is an image with the distance down representing the flooding impact.""",,,https://w3id.org/okn/o/sdm#EmpiricalModel;https://w3id.org/okn/o/sdm#ModelConfiguration,Hydrology,hand_v1_simple_ganale_input_dem,hand_v1_simple_ganale_distance_down;hand_v1_simple_ganale_distance_down_image,hand_v1_simple_ganale_threshold,,hand_grid_ethiopia,,,,mintproject/hand:v2,https://github.com/mintproject/MINT-WorkflowDomain/raw/master/WINGSWorkflowComponents/HAND-2.0.0/src/run,,https://github.com/mintproject/MINT-WorkflowDomain/raw/master/WINGSWorkflowComponents/HAND-2.0.0/HAND-2.0.0.zip,,,,,,,,,,relative height;flow path;drainage network;gravitational potential;normalization of topography,,,,,,,,,,,,Ganale,Expert-configured,,flooding_contour
hand_v1_simple_shebelle,HAND model-simple configuration for the Shebele basin in Ethiopia,"""Simple configuration of the HAND model for creating flood estimates of the Shebelle region in Ethiopia. The output is an image with the distance down representing the flooding impact.""",,,https://w3id.org/okn/o/sdm#EmpiricalModel;https://w3id.org/okn/o/sdm#ModelConfiguration,Hydrology,hand_v1_simple_shebelle_input_dem,hand_v1_simple_shebelle_distance_down;hand_v1_simple_shebelle_distance_down_image,hand_v1_simple_shebelle_threshold,,hand_grid_ethiopia,,,,mintproject/hand:v2,https://github.com/mintproject/MINT-WorkflowDomain/raw/master/WINGSWorkflowComponents/HAND-2.0.0/src/run,,https://github.com/mintproject/MINT-WorkflowDomain/raw/master/WINGSWorkflowComponents/HAND-2.0.0/HAND-2.0.0.zip,,,,,,,,,,relative height;flow path;drainage network;gravitational potential;normalization of topography,,,,,,,,,,,,Shebelle,Expert-configured,,flooding_contour
,,,,,,,,,,,,,,,,,,,,,,,,,,,,,,,,,,,,,,,,,,,
fsi_1.0_simple_et_ss,Flood severity index setup for Ethiopia and South Sudan,Simple configuration setup for the python routine to calculate a flood severity index,,,https://w3id.org/okn/o/sdm#EmpiricalModel;https://w3id.org/okn/o/sdm#ModelConfiguration,Hydrology,fsi_1.0_simple_et_ss_glofas,fsi_1.0_simple_et_ss_out;fsi_1.0_simple_et_ss_movie,fsi_1.0_simple_et_ss_min_long;fsi_1.0_simple_et_ss_max_long;fsi_1.0_simple_et_ss_min_lat;fsi_1.0_simple_et_ss_max_lat;fsi_1.0_simple_et_ss_simulation_year,,fsi_grid,,,,mintproject/floodseverityindex:v1,https://github.com/mintproject/MINT-WorkflowDomain/raw/master/WINGSWorkflowComponents/fsi-1.0.0/src/run,,https://github.com/mintproject/MINT-WorkflowDomain/raw/master/WINGSWorkflowComponents/fsi-1.0.0/fsi-1.0.0.zip,,khider_deborah;garijo_daniel,,,,,,source_fsi_comp,,hydrology; flood; index,,,,,,,,,,,,Ethiopia;South_Sudan,Expert-configured,,channel_water_flow__flood_volume-flux_severity_index
